Stock Index,Stock Price
AC3235,853.5373476746134
AC3236,230.0254948471522
AC3237,1618.210653090926
AC3238,843.1602421264826
AC3239,274.1883048308572
AC3240,373.4931394139434
AC3241,751.8748279169002
AC3242,936.0514258872977
AC3243,898.0525702403365
AC3244,1386.4779779404462
AC3245,283.47459027772237
AC3246,420.3637717281327
AC3247,774.4739902481491
AC3248,161.8140645863837
AC3249,132.08668400665667
AC3250,244.3472835364783
AC3251,1843.6761186844142
AC3252,143.88632720034917
AC3253,283.5959167756343
AC3254,173.16589498961017
AC3255,1038.9970819261623
AC3256,864.7799755908677
AC3257,1554.6677876837596
AC3258,532.496185951044
AC3259,244.0165071117397
AC3260,312.34490834745236
AC3261,106.54306261124951
AC3262,242.36254380647466
AC3263,353.57148564385255
AC3264,125.01977647617872
AC3265,1083.5384973012608
AC3266,873.5867555476599
AC3267,547.9641830993704
AC3268,801.4364259452403
AC3269,406.6099203466833
AC3270,844.2899702797461
AC3271,86.39827055552941
AC3272,379.04902901801137
AC3273,898.5678181418093
AC3274,633.5639809612937
AC3275,486.3386891088225
AC3276,651.4980695325611
AC3277,1034.5496424188073
AC3278,1020.457641539548
AC3279,210.20021940223225
AC3280,445.2129526407872
AC3281,944.957694215026
AC3282,113.42000748009075
AC3283,791.1756287440337
AC3284,562.9449905297979
AC3285,98.68086438671517
AC3286,856.9912898054384
AC3287,173.80496375810725
AC3288,201.7275228624639
AC3289,154.2231251626418
AC3290,175.7601440336862
AC3291,168.15696011235428
AC3292,93.73323314986403
AC3293,493.6908642396739
AC3294,176.43546449360457
AC3295,571.5678986643951
AC3296,82.26860274290738
AC3297,650.7217359144437
AC3298,856.9912898054384
AC3299,121.9336048735546
AC3300,77.5869804715325
AC3301,845.8308966611174
AC3302,119.67252479661998
AC3303,1279.3233683585709
AC3304,19.867043646308858
AC3305,257.55964773670865
AC3306,158.34645459800308
AC3307,11.206190116228413
AC3308,120.00247437947459
AC3309,261.83558947409904
AC3310,821.9518042434355
AC3311,1111.1507934040637
AC3312,943.4300051533713
AC3313,15.889448448883565
AC3314,87.17948654281865
AC3315,137.33255998157927
AC3316,410.10827960178887
AC3317,982.0013736051551
AC3318,556.3437041747507
AC3319,1269.3220696721235
AC3320,6.8252743099157716
AC3321,90.12644824079861
AC3322,73.62243160991784
AC3323,930.4014924536388
AC3324,88.58355579255597
AC3325,247.76684480018517
AC3326,404.98775969484404
AC3327,71.8198579020016
AC3328,101.4614563767981
AC3329,649.912618073281
AC3330,919.62447071064
AC3331,235.14038925641756
AC3332,795.2297355599919
AC3333,1506.010717368334
AC3334,281.8281913283844
AC3335,600.7805484786189
AC3336,124.98174753562404
AC3337,617.1689807803364
AC3338,1769.1336280331634
AC3339,831.0976946781592
AC3340,67.63644083020417
AC3341,1269.4370590551475
AC3342,1241.7056364819318
AC3343,279.8998905899244
AC3344,103.15204896241258
AC3345,206.9301044809447
AC3346,77.53482783125523
AC3347,272.3992011400101
AC3348,661.9157720595445
AC3349,513.6712713004371
AC3350,113.02504381941063
AC3351,753.6769680342454
AC3352,33.96368274114395
AC3353,417.2127911444449
AC3354,245.12545962041844
AC3355,684.3771422715895
AC3356,238.12265962818313
AC3357,646.967044064155
AC3358,1655.617383399733
AC3359,1363.870764629493
AC3360,1203.4781731171179
AC3361,218.80757740285424
AC3362,394.5509763689106
AC3363,487.45607435086265
AC3364,350.96049080290413
AC3365,113.66057011695939
AC3366,340.93907402536047
AC3367,242.05813798782629
AC3368,819.8839505832244
AC3369,276.2611514149196
AC3370,570.1213302364096
AC3371,386.7974287108806
AC3372,508.8950234121137
AC3373,219.06218072444858
AC3374,340.49308491361825
AC3375,1095.708726581813
AC3376,409.7916926710119
AC3377,179.26210906469603
AC3378,351.7619146311332
AC3379,631.7842204962318
AC3380,129.29932483818496
AC3381,400.84681217093316
AC3382,602.2496384174549
AC3383,129.1121889253018
AC3384,241.11653946087606
AC3385,227.41213419420805
AC3386,116.18339335425183
AC3387,280.82676522445786
AC3388,1696.063298832944
AC3389,229.821136481928
AC3390,213.30048976703992
AC3391,843.0337764210767
AC3392,623.1000527890072
AC3393,428.1317318984241
AC3394,520.341255165036
AC3395,1485.7717662605148
AC3396,48.649997579263086
AC3397,673.7944406032635
AC3398,421.0265993711219
AC3399,53.96034838258828
AC3400,162.88117765513528
AC3401,126.08037664253148
AC3402,478.4892409710356
AC3403,265.63715928914644
AC3404,80.17569445668241
AC3405,114.92427532313035
AC3406,263.68467847764583
AC3407,136.06288303706214
AC3408,717.769211108927
AC3409,1247.240914407457
AC3410,1002.9713146885748
AC3411,1040.1495852464204
AC3412,1576.1380998858149
AC3413,177.92042522535337
AC3414,329.70819365349354
AC3415,209.34755472523273
AC3416,576.7264315667543
AC3417,914.4876124124098
AC3418,153.1139012398751
AC3419,1377.668395651251
AC3420,172.43367283701178
AC3421,196.4266034456402
AC3422,849.5606451476344
AC3423,92.63432686292468
AC3424,1209.5767412714165
AC3425,205.11669083205075
AC3426,63.18058286415909
AC3427,361.7180572312279
AC3428,776.7962273616803
AC3429,766.7909866547923
AC3430,341.11425257983007
AC3431,491.307100824917
AC3432,508.42941030653327
AC3433,194.2667267221492
AC3434,867.6388068844983
AC3435,1129.1036420596552
AC3436,459.3215627556067
AC3437,117.60998378646383
AC3438,1565.2831215953477
AC3439,152.70797688305973
AC3440,1315.2362240348864
AC3441,422.2109658746979
AC3442,16.503750545449225
AC3443,653.137321116925
AC3444,158.02179313849
AC3445,110.86694693516634
AC3446,790.9401605750681
AC3447,916.7888888436078
AC3448,157.99731940850936
AC3449,1084.8231340248908
AC3450,194.70690059058435
AC3451,1100.3593151639564
AC3452,733.5173836216348
AC3453,699.5485735639794
AC3454,68.01948016631269
AC3455,669.5582777634662
AC3456,170.73770053062447
AC3457,620.1513797928843
AC3458,681.1506419851144
AC3459,1839.1348859915925
AC3460,548.4363526155266
AC3461,610.5316515536185
AC3462,493.5853771060949
AC3463,1301.589480091125
AC3464,252.91992725521695
AC3465,598.7184665976226
AC3466,145.2314698190785
AC3467,151.2683773103877
AC3468,1435.046826882831
AC3469,289.9520380745381
AC3470,370.40129382066556
AC3471,700.7976887253498
AC3472,195.68335315091426
AC3473,398.75995344304886
AC3474,446.5196065250267
AC3475,81.10345685962977
AC3476,529.4741176889471
AC3477,785.5216002476164
AC3478,94.03675334139294
AC3479,215.6078423821408
AC3480,147.80298661556157
AC3481,1173.5414248461896
AC3482,378.27416846467736
AC3483,1044.8316557467344
AC3484,976.0342598905371
AC3485,826.5674645170551
AC3486,102.54329770175356
AC3487,206.64203026358948
AC3488,1788.19899025339
AC3489,836.8633717555177
AC3490,1607.3114210041513
AC3491,253.85506694262477
AC3492,1005.5487107588115
AC3493,60.847971127828046
AC3494,1033.4978711678948
AC3495,119.4297362482922
AC3496,1362.3601762236706
AC3497,412.4076895434332
AC3498,40.625644963355946
AC3499,388.75840886659205
AC3500,103.3954903314055
AC3501,257.0331328876265
AC3502,229.54609683315644
AC3503,302.66945888235756
AC3504,1175.0762539355374
AC3505,1195.7924274531795
AC3506,475.81256691502875
AC3507,888.6648825347843
AC3508,916.0726962421454
AC3509,392.8439088346516
AC3510,1262.3569868477955
AC3511,1041.8326600147789
AC3512,1022.7616933188831
AC3513,573.3388491354565
AC3514,175.65902531168186
AC3515,933.9691405329494
AC3516,571.3602680025508
AC3517,498.90215551692813
AC3518,575.2804967231059
AC3519,972.4430474100917
AC3520,1827.3850942768088
AC3521,756.1609576680025
AC3522,1296.5630777477952
AC3523,1023.3569564903462
AC3524,1205.136127045274
AC3525,817.4572789910586
AC3526,462.64064722660254
AC3527,103.24627939059359
AC3528,83.37494581257134
AC3529,982.0013736051551
AC3530,520.6925180113842
AC3531,613.695874020099
AC3532,785.7405024609875
AC3533,545.9166956797561
AC3534,817.4572789910586
AC3535,943.5301529879212
AC3536,203.9961296206464
AC3537,125.16418489314563
AC3538,838.3072242422719
AC3539,1263.4978396559234
AC3540,372.1749733534985
AC3541,541.8407384625002
AC3542,297.32098423460803
AC3543,1094.5941994458744
AC3544,437.9022141704086
AC3545,562.9449905297979
AC3546,562.9449905297979
AC3547,616.5031355891701
AC3548,91.16579969815199
AC3549,1662.813277985672
AC3550,828.9386065094511
AC3551,660.2008725841098
AC3552,331.60338176221535
AC3553,895.5205196486457
AC3554,280.68859733513113
AC3555,209.77007729430076
AC3556,1080.0669681078864
AC3557,637.5170559795995
AC3558,1328.2444512890327
AC3559,535.9709030364917
AC3560,136.06288303706214
AC3561,171.06283096683745
AC3562,789.8893171056578
AC3563,1115.1650674472364
AC3564,1549.3924088613803
AC3565,702.3924364914815
AC3566,281.41283460320125
AC3567,208.63854971439227
AC3568,139.7974950971745
AC3569,333.89732655809007
AC3570,787.7767932739417
AC3571,617.2606633414739
AC3572,439.77083980446673
AC3573,1326.8776564853988
AC3574,701.4240450243426
AC3575,170.10014795787586
AC3576,576.1819874066416
AC3577,1732.4155057380517
AC3578,94.48312982006938
AC3579,1546.354844249353
AC3580,119.70252248588423
AC3581,82.05187072511512
AC3582,254.87226642385647
AC3583,709.3286351262624
AC3584,167.5077171987461
AC3585,108.22863147425903
AC3586,440.82167019530146
AC3587,11.765721900892732
AC3588,227.85498866810934
AC3589,165.31616658760205
AC3590,296.228579014223
AC3591,344.1549227262311
AC3592,265.48899154638053
AC3593,56.405367192197794
AC3594,116.81080988804554
AC3595,381.30354775997836
AC3596,835.7028115849337
AC3597,98.9024245787657
AC3598,195.3972704851916
AC3599,1255.3879557746977
AC3600,1314.120888240665
AC3601,995.3735576384043
AC3602,744.1244847433371
AC3603,1736.7304336635077
AC3604,280.8179144059016
AC3605,805.9386972609318
AC3606,1275.1850667219153
AC3607,21.088052835131165
AC3608,1105.3561815053642
AC3609,502.5378548309451
AC3610,187.2731281450838
AC3611,818.2287585248678
AC3612,114.66421292887847
AC3613,1245.0567469984364
AC3614,477.4466477014868
AC3615,474.93345165454275
AC3616,270.11487627178855
AC3617,1341.2146217488535
AC3618,113.62948248056806
AC3619,255.4237152176799
AC3620,219.03557504456597
AC3621,850.3009833101704
AC3622,271.2146129792407
AC3623,310.7901029288851
AC3624,729.2465509471524
AC3625,255.56941110723463
AC3626,99.61988330673118
AC3627,653.4550045791096
AC3628,59.57137065646468
AC3629,41.78652467772267
AC3630,612.9053495053597
AC3631,53.1915232028061
AC3632,169.2361057051241
AC3633,290.78506404787277
AC3634,1482.0338226027986
AC3635,256.58597735499706
AC3636,1241.764123642801
AC3637,343.5013008841068
AC3638,1064.0124488772908
AC3639,200.28660934895396
AC3640,933.1873136569853
AC3641,566.6983727504589
AC3642,86.2730216323829
AC3643,618.6218355424459
AC3644,753.7872242073455
AC3645,1185.6827668580631
AC3646,655.8464937804426
AC3647,326.23519099474703
AC3648,229.16266373342106
AC3649,361.3795305161655
AC3650,686.4302442083829
AC3651,1369.0890402509776
AC3652,355.4177304416448
AC3653,610.798125290257
AC3654,1257.1235741635496
AC3655,329.26300664317966
AC3656,339.29481132937207
AC3657,911.5831098910752
AC3658,902.5911067603578
AC3659,527.8982595843974
AC3660,123.44678009607577
AC3661,137.30053841442114
AC3662,308.95724469391746
AC3663,739.05429660312
AC3664,448.2758777822008
AC3665,889.3070457675319
AC3666,397.53355210794473
AC3667,629.2265210573074
AC3668,1330.7826633800817
AC3669,1189.376438322037
AC3670,426.9976880306305
AC3671,76.16200960470411
AC3672,357.0029140344358
AC3673,876.3972694396906
AC3674,897.81394845026
AC3675,587.0126725352413
AC3676,1410.6296283435229
AC3677,1067.2891060714182
AC3678,1276.2400154100953
AC3679,432.41052345707664
AC3680,677.8975801958475
AC3681,612.9680932381278
AC3682,233.17991662454023
AC3683,518.8073486785847
AC3684,489.26921730538487
AC3685,145.12904417879247
AC3686,250.75936336463607
AC3687,838.3072242422719
AC3688,206.51627168965817
AC3689,808.9842416547405
AC3690,643.0902750995982
AC3691,518.6782270623205
AC3692,211.84467043472316
AC3693,145.00098134932043
AC3694,205.59186608565957
AC3695,197.92511173947477
AC3696,116.088691437425
AC3697,316.80401018862517
AC3698,122.39030631437271
AC3699,127.45659602776567
AC3700,1186.8421939967284
AC3701,220.58766839172742
AC3702,468.71937687083147
AC3703,168.2083507137441
AC3704,256.62150692002933
AC3705,684.1749882498627
AC3706,662.420598494021
AC3707,1554.2068352026545
AC3708,1264.0777187447413
AC3709,505.8706103086019
AC3710,105.91451285678666
AC3711,1083.2293670010547
AC3712,296.84117336947503
AC3713,970.2440801185961
AC3714,1549.501145347856
AC3715,1399.2615498148275
AC3716,206.20531627850588
AC3717,859.0351880063723
AC3718,1410.7725785131338
AC3719,1099.7758566006098
AC3720,117.94514932941682
AC3721,296.2800426315205
AC3722,1583.9885080548154
AC3723,581.4765894243646
AC3724,68.38083974436915
AC3725,895.0556222726266
AC3726,79.69865372917762
AC3727,608.317539078883
AC3728,294.07535585397835
AC3729,344.67020974966994
AC3730,600.9443186861756
AC3731,931.0924664778636
AC3732,551.0569350665162
AC3733,154.13748198675572
AC3734,488.325973418541
AC3735,357.0029140344358
AC3736,717.0908927096781
AC3737,516.2447671741489
AC3738,340.4442467981228
AC3739,61.045571280890776
AC3740,367.67824761845753
AC3741,787.6269832700401
AC3742,736.0598530677621
AC3743,865.5767657636111
AC3744,53.60445924767365
AC3745,99.63104642698468
AC3746,334.2194707281175
AC3747,423.8394268797286
AC3748,112.74628810914744
AC3749,506.9441077685261
AC3750,1493.9953142950271
AC3751,34.21046915833804
AC3752,79.658728692034
AC3753,368.20153855470767
AC3754,696.6020838904886
AC3755,70.08106566440998
AC3756,331.4075935530845
AC3757,562.9449905297979
AC3758,562.9449905297979
AC3759,552.467948427745
AC3760,202.57447514089606
AC3761,414.5300824938909
AC3762,538.7610718897455
AC3763,930.5597054832615
AC3764,454.67613261989226
AC3765,297.7212290191601
AC3766,472.49143237895476
AC3767,76.91866509254608
AC3768,1085.397940603698
AC3769,1133.68821359935
AC3770,126.08037664253148
AC3771,689.1600487270701
AC3772,470.4181134657122
AC3773,76.16200960470411
AC3774,252.49174193246398
AC3775,40.09098815204782
AC3776,296.8414902518162
AC3777,87.09602548914303
AC3778,877.5164621075747
AC3779,1780.6671358242884
AC3780,116.95476880088613
AC3781,626.8692458932184
AC3782,125.97606362451664
AC3783,607.0464931959385
AC3784,308.1802396725549
AC3785,380.8640350943066
AC3786,427.6290857510982
AC3787,220.21669328364558
AC3788,777.657068783049
AC3789,1516.1010638687146
AC3790,875.3493765509122
AC3791,200.50734325875882
AC3792,891.192307714556
AC3793,271.59088028820497
AC3794,865.5511944833153
AC3795,513.6712713004371
AC3796,303.65785883994056
AC3797,125.97606362451664
AC3798,625.3677514237808
AC3799,1083.783032799375
AC3800,76.30639991718296
AC3801,83.53160072129123
AC3802,222.2480680901954
AC3803,65.8153325578793
AC3804,10.023371421792074
AC3805,22.504978889053312
AC3806,794.0992364580273
AC3807,168.3699952476297
AC3808,1491.1785513868404
AC3809,162.48493866394955
AC3810,538.7610718897455
AC3811,279.27714738923294
AC3812,577.0865898570604
AC3813,1087.2985286407848
AC3814,782.258692847028
AC3815,166.88220507917381
AC3816,859.9902855373945
AC3817,306.0608497821343
AC3818,1711.5595870963286
AC3819,97.06412116542474
AC3820,158.24871718284567
AC3821,251.66641777233588
AC3822,210.88881699983736
AC3823,446.2408601460696
AC3824,428.40313255056105
AC3825,332.1625517105081
AC3826,342.00434153133455
AC3827,595.6889672794281
AD1,128.0483954459141
AD2,409.1790169549754
AD3,76.9516779767854
AD4,629.1436935178019
AD5,113.73002397351186
AD6,141.30302575169912
AD7,359.98273660287356
AD8,748.2874462115582
AD9,632.2805895330077
AD10,331.104954270574
AD11,147.85171692643598
AD12,145.61856296166758
AD13,796.9954151547557
AD14,702.4940075390343
AD15,1066.1651516480488
AD16,638.4607850440494
AD17,783.7788788980135
AD18,567.342833933678
AD19,1575.2977457093248
AD20,181.71790524313866
AD21,813.5448631879126
AD22,1351.400972022474
AD23,1696.9945640915062
AD24,307.37502272667155
AD25,792.4918662816929
AD26,557.4065062142332
AD27,347.82410654321336
AD28,234.82972301692828
AD29,727.3446347532501
AD30,1168.601524333088
AD31,269.80307223389553
AD32,410.7533100025524
AD33,472.49143237895476
AD34,186.97321747934544
AD35,696.2711178245274
AD36,186.37957058638787
AD37,36.29046611567499
AD38,1617.9104478209536
AD39,822.8510660225329
AD40,487.97242833383467
AD41,25.05267386193154
AD42,166.16428923239894
AD43,102.79155575959575
AD44,839.2721812321126
AD45,1769.2418734619955
AD46,542.0778609112915
AD47,197.6114440988153
AD48,137.58642769946402
AD49,258.18253067286776
AD50,577.7152046190848
AD51,28.30381047215538
AD52,63.501264976855055
AD53,477.60048936794044
AD54,134.8307288530814
AD55,590.4398309405537
AD56,1161.0446088374035
AD57,845.1213888222596
AD58,1255.8331065955006
AD59,618.8394716846129
AD60,600.6556263954257
AD61,825.2862577743244
AD62,1722.5717626699757
AD63,693.8192431997594
AD64,982.5907359154827
AD65,180.39069057915557
AD66,389.0802219104468
AD67,142.29622944866946
AD68,1168.8672621005728
AD69,169.60548035342086
AD70,6.830298881891242
AD71,484.1882905120479
AD72,670.8953564788068
AD73,314.44660776436984
AD74,202.57851766231488
AD75,822.4429369197693
AD76,1446.485479595853
AD77,258.4556879846163
AD78,387.69018516505935
AD79,1553.2973829981017
AD80,739.9185043382232
AD81,1215.502619005223
AD82,591.4948391995548
AD83,92.7247293474545
AD84,470.9838368193251
AD85,989.845408605562
AD86,542.4978871897548
AD87,532.7513640897421
AD88,700.382836928938
AD89,88.09235736128191
AD90,823.8906253832037
AD91,1426.8934873259689
AD92,179.18087928326074
AD93,572.6198243052272
AD94,532.0195727461255
AD95,124.95642928661492
AD96,720.5822132179667
AD97,320.02728926215633
AD98,1132.3780986617855
AD99,14.761092614928508
AD100,861.2647703824033
AD101,216.06198352530944
AD102,107.08280835489518
AD103,137.59046694400607
AD104,248.3616589515495
AD105,967.1859088378527
AD106,862.4821641303394
AD107,1295.8829730776831
AD108,1227.160040572926
AD109,124.5668446484464
AD110,651.9849004577815
AD111,491.71648656137876
AD112,1200.6114109963876
AD113,348.57853832902265
AD114,266.4092454125409
AD115,319.97840488815996
AD116,664.7518343090613
AD117,838.0526859540117
AD118,115.74222513528787
AD119,341.8938722149454
AD120,93.2353434959541
AD121,98.99879616057001
AD122,598.0771564208301
AD123,20.000406229355573
AD124,567.4408600570711
AD125,609.8139557200838
AD126,460.5401762052793
AD127,1314.4468277174274
AD128,417.7678723208348
AD129,670.3261353823077
AD130,262.39878510929657
AD131,857.5515059096844
AD132,509.6523300666904
AD133,707.649693889956
AD134,378.6802390374221
AD135,1578.053199566359
AD136,811.7132088866125
AD137,452.1562957688993
AD138,857.0030668524298
AD139,1557.8816242344255
AD140,419.10222402658326
AD141,79.02350149396243
AD142,810.6281021928404
AD143,153.81984327150113
AD144,107.81610695873619
AD145,177.18616370844757
AD146,1232.301880297205
AD147,970.2920258873148
AD148,850.0867371688742
AD149,1146.1241115227547
AD150,759.1060940071758
AD151,251.66641777233588
AD152,1173.3312785372643
AD153,465.3729178529741
AD154,381.2521719511435
AD155,526.4145774877094
AD156,111.2973855713117
AD157,1374.6748515058114
AD158,371.03272375893545
AD159,788.8542571751433
AD160,1226.0968462312874
AD161,672.8655569437793
AD162,188.623325324929
AD163,507.6547241048161
AD164,839.4917280236461
AD165,628.4729533555767
AD166,438.6738832832774
AD167,432.9373342867827
AD168,439.87838573816305
AD169,847.421316938398
AD170,102.62553411333045
AD171,702.0480904649625
AD172,231.72917312132734
AD173,628.2653637576268
AD174,658.7839961909112
AD175,353.6224409981108
AD176,299.9905657585007
AD177,425.4381176740407
AD178,1269.0312684836724
AD179,864.7799755908677
AD180,82.57120483895085
AD181,1313.1640387790317
AD182,227.10378333499926
AD183,73.50710556135185
AD184,1385.258790418251
AD185,458.0254405902382
AD186,1310.222027218871
AD187,533.5372936427863
AD188,73.96588553111623
AD189,1150.526954904598
AD190,387.6636671404455
AD191,107.03519622786176
AD192,609.5386811786453
AD193,11.56426331091311
AD194,351.03435724605043
AD195,617.2606633414739
AD196,816.9500012571632
AD197,1226.6480208123585
AD198,188.4407973610344
AD199,104.45908860004513
AD200,621.60441128148
AD201,1269.384451478396
AD202,102.36130249125155
AD203,552.7936409181484
AD204,1177.276312351854
AD205,146.42791195038387
AD206,307.73572412737565
AD207,828.6436541568182
AD208,739.5719649386009
AD209,609.5386811786453
AD210,1882.7183976283452
AD211,374.2017178669811
AD212,1149.8311258646104
AD213,1365.4773756326329
AD214,381.8495582091316
AD215,575.6463029733234
AD216,35.85675941137446
AD217,1551.860907522514
AD218,861.7057039536706
AD219,367.02431839458296
AD220,406.50476844996393
AD221,447.3084270036765
AD222,1350.6503638979593
AD223,40.26094471046799
AD224,859.8116921438226
AD225,477.54169793839725
AD226,1739.690551413686
AD227,518.2595631592691
AD228,266.8463895385669
AD229,379.94100693788397
AD230,377.4465799494084
AD231,479.2329315225747
AD232,892.2417565931469
AD233,595.1507972943041
AD234,568.8530411280166
AD235,276.1565037209522
AD236,358.1021976054435
AD237,449.673858319368
AD238,704.5566086498335
AD239,854.7790634749321
AD240,1638.4480536300123
AD241,645.3543941767189
AD242,89.9372544193977
AD243,897.81394845026
AD244,630.32234605588
AD245,291.06161799344153
AD246,645.069161325321
AD247,1405.0521285458587
AD248,734.0676478577273
AD249,272.04677221545563
AD250,870.9805439993694
AD251,632.6376618598746
AD252,1403.8388169645452
AD253,136.61748600100847
AD254,63.59536111757973
AD255,671.7463803038843
AD256,119.05963670579595
AD257,1757.950013254635
AD258,583.28926447326
AD259,230.51236816979855
AD260,718.5977596541887
AD261,145.5453089399627
AD262,42.111006023445846
AD263,698.164155448396
AD264,333.4412253248213
AD265,719.1196994190512
AD266,278.99887146702457
AD267,125.60428861316002
AD268,1096.804275956046
AD269,762.659794054986
AD270,1544.2001646433146
AD271,187.621279716349
AD272,511.98754566617185
AD273,90.83548005217591
AD274,266.0335372264681
AD275,903.0652306505876
AD276,185.2294883618553
AD277,35.14594679875509
AD278,795.2297355599919
AD279,265.4085945207586
AD280,811.6621647240374
AD281,392.8439088346516
AD282,1403.507550175751
AD283,136.61748600100847
AD284,84.50120387834566
AD285,225.71546537538643
AD286,75.49481876117768
AD287,564.5486967999038
AD288,268.43472980498996
AD289,99.4837591832616
AD290,1767.5593150147886
AD291,162.8489287389197
AD292,838.3072242422719
AD293,744.6392871875219
AD294,815.305149425031
AD295,247.48361247926286
AD296,556.3695216929327
AD297,42.81113458867993
AD298,753.7103070540525
AD299,902.0712234985283
AD300,272.94319913327985
AD301,174.0491847694864
AD302,384.523679290586
AD303,528.6119954942916
AD304,1007.2790716726578
AD305,600.2865803181262
AD306,392.16506349924884
AD307,189.3012926063916
AD308,361.3795305161655
AD309,213.65279167906735
AD310,579.7634621642777
AD311,734.4187528860878
AD312,1882.7183976283452
AD313,1427.322800297516
AD314,151.33008329280685
AD315,672.5408535025003
AD316,548.4363526155266
AD317,1292.0403435934772
AD318,511.15446272832895
AD319,312.3248778166849
AD320,454.30669542518325
AD321,1200.6751684489718
AD322,375.9530451031568
AD323,48.44916892029206
AD324,704.5678109499164
AD325,1304.6064246939297
AD326,482.5310545023772
AD327,1307.941385930033
AD328,349.2147706317436
AD329,1195.9906545305853
AD330,857.1284349837895
AD331,443.185639512806
AD332,484.76673263267185
AD333,398.7369892048731
AD334,402.0051839558099
AD335,247.16684240941888
AD336,83.60189612762936
AD337,513.9542831502905
AD338,203.04597523475465
AD339,1241.5047495631663
AD340,479.63735325120666
AD341,407.5117380139933
AD342,330.8122961458117
AD343,73.62243160991784
AD344,1445.1308604979
AD345,163.7481370170438
AD346,514.3859559843988
AD347,1028.7242970759019
AD348,161.6273939949381
AD349,908.4803514425661
AD350,710.6186239096755
AD351,612.8948653326148
AD352,478.1882016651069
AD353,372.8002702929678
AD354,354.12117063564835
AD355,1622.7323571510738
AD356,400.53308150283715
AD357,59.7905820658017
AD358,524.9759723195285
AD359,136.99987185021496
AD360,784.2724363223479
AD361,164.76390092248096
AD362,173.0175879722251
AD363,910.0929975641986
AD364,674.5800604565416
AD365,213.99349528089397
AD366,175.26390723976556
AD367,239.80555608256162
AD368,155.69633155707848
AD369,397.553247943246
AD370,568.8278724384016
AD371,51.91354457636944
AD372,1450.6992073473793
AD373,1448.350782618492
AD374,210.35006803287158
AD375,796.1477490549211
AD376,683.2852294354282
AD377,1849.9830584360247
AD378,247.63377403769013
AD379,1264.5512251465766
AD380,99.6758086201846
AD381,219.09862657532898
AD382,268.9688940230581
AD383,208.65251384928595
AD384,135.97643506784843
AD385,159.78700961680173
AD386,776.4521592696713
AD387,289.83889430341117
AD388,881.6956264328721
AD389,719.5518727525002
AD390,634.0193820256223
AD391,795.181869055327
AD392,892.9680098714434
AD393,1389.035478884084
AD394,148.2893068937312
AD395,344.01419965347327
AD396,156.451130237682
AD397,993.7007580590791
AD398,418.52963311427646
AD399,1315.2146349027387
AD400,187.13663650642079
AD401,849.5279208262709
AD402,197.53068938021875
AD403,778.7682385382858
AD404,1351.5434906390217
AD405,300.23120500461266
AD406,283.77475132526007
AD407,480.0468340481341
AD408,332.6137546083198
AD409,44.71291956692852
AD410,257.94548391056253
AD411,1065.7358386765015
AD412,201.89562123196743
AD413,61.907444702402685
AD414,391.6593613978251
AD415,666.2813864401859
AD416,205.11669083205075
AD417,518.6722352462455
AD418,343.9968566444625
AD419,515.9200745848912
AD420,204.89458237394766
AD421,674.3492390404673
AD422,39.64528130562171
AD423,916.1262229515
AD424,365.9568732452339
AD425,565.7655049083114
AD426,288.5323937614513
AD427,266.7183289609884
AD428,1216.3920741658496
AD429,269.218397827332
AD430,276.1565037209522
AD431,533.716727550026
AD432,352.60015358910874
AD433,1463.5518232187083
AD434,420.3029093329283
AD435,587.2427594855045
AD436,73.79722928582639
AD437,235.89227100875587
AD438,516.3256011943178
AD439,65.8153325578793
AD440,68.51488819541038
AD441,450.3401195286977
AD442,347.8836586656309
AD443,429.5265869525551
AD444,267.35802097266173
AD445,1005.7953895759698
AD446,244.3472835364783
AD447,1172.2275768106317
AD448,136.8147208044831
AD449,796.1594686176501
AD450,864.9765333021534
AD451,1174.9560823814977
AD452,625.4471463645834
AD453,377.6808844178231
AD454,510.7364885662191
AD455,763.7931465805078
AD456,242.21262801517787
AD457,172.98016040517848
AD458,55.2914032877194
AD459,194.11750274243957
AD460,1679.8369325825383
AD461,1491.2763059127656
AD462,578.1578359527938
AD463,1610.379775344589
AD464,571.3274110847157
AD465,34.80375869063479
AD466,1347.0142006926499
AD467,1114.6755662243581
AD468,156.92216873084143
AD469,316.64739706782274
AD470,1534.5501421744045
AD471,401.67874690583574
AD472,563.0168569094446
AD473,192.59644787050738
AD474,691.8786751372259
AD475,971.2455267158175
AD476,1788.4905643989855
AD477,926.127021075191
AD478,196.72098763940784
AD479,473.255021250413
AD480,185.34695018631282
AD481,548.4202914852094
AD482,270.3092853124608
AD483,583.4174169996628
AD484,1381.8581274196795
AD485,1414.0669440669908
AD486,116.49109489539775
AD487,358.5184775509033
AD488,610.0419710722853
AD489,983.2168753582938
AD490,840.9844276198187
AD491,109.48720183332364
AD492,73.75402165013104
AD493,811.2974130960523
AD494,578.2478986478102
AD495,507.35060812929424
AD496,1276.2729129853278
AD497,561.1945224956263
AD498,562.9449905297979
AD499,561.1945224956263
AD500,574.9031389846183
AD501,561.1945224956263
AD502,563.687322424882
AD503,561.1945224956263
AD504,573.9750516084177
AD505,561.1945224956263
AD506,1237.9325923109495
AD507,182.89771635063292
AD508,660.2371060199185
AD509,704.258296981542
AD510,133.19248247991126
AD511,87.50810358291226
AD512,493.35753935241746
AD513,277.7754786242035
AD514,75.85438808712927
AD515,131.12183622839694
AD516,356.7560369392402
AD517,332.9147104757391
AD518,896.2487180331644
AD519,1000.0492209632889
AD520,746.0927904242693
AD521,1874.0671986959615
AD522,658.6140756615907
AD523,223.35808569932584
AD524,739.05429660312
AD525,104.25511262648803
AD526,327.0515826003251
AD527,268.5555604087723
AD528,95.18812267165995
AD529,169.14342618549105
AD530,1275.203385800871
AD531,105.05448145803146
AD532,173.45798893863213
AD533,862.4811106201532
AD534,693.0600411008623
AD535,1222.5871097559066
AD536,99.54039893582951
AD537,155.25150887300538
AD538,1130.347474456251
AD539,553.204127720571
AD540,116.88603071305452
AD541,566.3692368931024
AD542,621.630332264236
AD543,364.54621362542304
AD544,172.61030384891714
AD545,1637.498974975647
AD546,26.83250699719807
AD547,370.2121739489842
AD548,291.30492944540924
AD549,1015.766823951666
AD550,357.1558258740284
AD551,780.2121304942681
AD552,346.2491257738371
AD553,126.47471997987022
AD554,610.1703977455637
AD555,357.2498301232149
AD556,345.9901119443551
AD557,393.89542589553747
AD558,448.23720930980903
AD559,1289.0158561586932
AD560,266.0560624178175
AD561,145.3938543049971
AD562,1312.183728442862
AD563,276.48669716893045
AD564,226.04632023184644
AD565,416.33392109305777
AD566,699.6775356016202
AD567,1251.381777637073
AD568,441.2304428758055
AD569,190.02538810383575
AD570,908.0356834802542
AD571,1167.9874558124093
AD572,806.2940241090702
AD573,637.4197193251958
AD574,1139.0023203560886
AD575,817.3298326144173
AD576,2.088197525985225
AD577,520.6197957729016
AD578,1248.1512056486438
AD579,838.8337390913541
AD580,264.27717725419643
AD581,163.68917118695563
AD582,161.57938337529268
AD583,1606.8415106645373
AD584,726.194385645895
AD585,113.8220952139301
AD586,294.6788748095786
AD587,733.4008808845301
AD588,179.17348759663778
AD589,248.78194625324963
AD590,674.7491587586509
AD591,732.8277083708452
AD592,301.89307715123545
AD593,947.4012147978616
AD594,331.33767794757284
AD595,976.6398955215615
AD596,1060.6925411544146
AD597,1769.7172128155912
AD598,1353.3610868389455
AD599,421.16737555480177
AD600,310.9024806201804
AD601,192.3404035478628
AD602,666.3700501907723
AD603,235.46308227118527
AD604,134.8307288530814
AD605,639.4141176197458
AD606,966.8242182549801
AD607,152.42888298197155
AD608,482.72284679554525
AD609,651.3670342977572
AD610,17.172457479085615
AD611,552.0621453785009
AD612,889.4410316209078
AD613,838.3072242422719
AD614,634.4003997689653
AD615,242.49084529166805
AD616,566.6865530876424
AD617,561.1945224956263
AD618,103.27790934818933
AD619,379.4851595965064
AD620,848.5304243070568
AD621,782.1978970216749
AD622,81.68250748869752
AD623,1021.3280811691743
AD624,903.3652258102954
AD625,437.1054345497656
AD626,393.4534183384715
AD627,768.5060488862049
AD628,257.0331328876265
AD629,643.8187929377484
AD630,423.2978275487301
AD631,507.85463324177834
AD632,126.2424253015101
AD633,96.43341043693188
AD634,55.57090469928005
AD635,180.30174821240203
AD636,381.25351783368296
AD637,169.48468162734827
AD638,472.1489362932402
AD639,450.5869724003396
AD640,186.4028150044793
AD641,700.9087543947935
AD642,614.9492220533301
AD643,560.3768673340857
AD644,103.11277135561674
AD645,748.5665371371106
AD646,887.2872242567513
AD647,165.0706054952937
AD648,576.1819874066416
AD649,238.4037102554963
AD650,432.3699835135405
AD651,1218.2011357268777
AD652,647.3269511866508
AD653,366.57889939919033
AD654,512.8368663535318
AD655,349.3651715072629
AD656,796.3664942506635
AD657,912.7105495593396
AD658,233.39818873874148
AD659,1447.2795083619956
AD660,251.73196871702572
AD661,1419.7516468100112
AD662,260.5350686167604
AD663,113.4527183761182
AD664,346.3955832220396
AD665,190.69549948304527
AD666,417.6829481547103
AD667,179.79252391352372
AD668,319.57686843021065
AD669,275.43844306583304
AD670,1531.6787898829598
AD671,664.4242771499203
AD672,641.9199583770368
AD673,1037.06838733912
AD674,438.5106970267482
AD675,263.33371202648294
AD676,1099.2288160619921
AD677,425.76037123530875
AD678,653.5946427364099
AD679,82.57120483895085
AD680,1006.7296972630846
AD681,1831.1181222307846
AD682,650.8742126723956
AD683,936.9903444744446
AD684,359.860777979673
AD685,1771.1058223981427
AD686,1307.814610123954
AD687,393.95884510014326
AD688,1763.6632915037858
AD689,396.45621006754357
AD690,430.71560397265966
AD691,1131.2600128717077
AD692,346.72612537441563
AD693,54.138749821652375
AD694,75.56576461722295
AD695,714.5749712225355
AD696,900.0828947827187
AD697,305.27510298947135
AD698,893.5666796869049
AD699,785.5216002476164
AD700,101.9378183145575
AD701,1016.954270311348
AD702,1010.2886652748373
AD703,544.6192647750288
AD704,419.10222402658326
AD705,165.9612603313802
AD706,172.99824319030427
AD707,864.8932928016246
AD708,711.7172346830907
AD709,481.517772371177
AD710,90.1796239878716
AD711,483.0330860064449
AD712,513.6712713004371
AD713,164.28927027045822
AD714,6.830298881891242
AD715,210.49923288047253
AD716,524.5790098476185
AD717,212.34915603304688
AD718,485.5908300678225
AD719,1061.8799414177645
AD720,67.14119248620999
AD721,286.0440216009409
AD722,765.2347660203916
AD723,204.29612620631178
AD724,553.796853406424
AD725,420.6957316426391
AD726,503.67700993799787
AD727,1357.108389159975
AD728,907.751856116877
AD729,823.3367324655109
AD730,989.6022390635165
AD731,417.1446306755717
AD732,206.6443096736098
AD733,578.0671192759196
AD734,430.842382221811
AD735,334.00717354705927
AD736,617.1689807803364
AD737,1332.9371400376742
AD738,338.9556268614693
AD739,838.0464391417938
AD740,502.3704980358006
AD741,148.5497726041796
AD742,875.3748512976932
AD743,469.5088566399206
AD744,1438.1052277451627
AD745,104.12454600585762
AD746,107.7658351563278
AD747,1299.3751590036811
AD748,966.2177912377597
AD749,646.6312526710902
AD750,305.49752980664124
AD751,1178.8472944356654
AD752,194.1360978965338
AD753,59.166325982742464
AD754,886.529271027542
AD755,398.7155686161878
AD756,389.3315019581841
AD757,842.0284146545309
AD758,778.7682385382858
AD759,692.3431357894938
AD760,81.08152856681279
AD761,1272.3093314602763
AD762,719.1588702277073
AD763,560.4240852155505
AD764,179.55198627054457
AD765,83.99619381726326
AD766,405.9217190770628
AD767,282.05766178394873
AD768,166.52831167771043
AD769,42.90540874772595
AD770,179.588358858108
AD771,71.78726699198717
AD772,238.66420701401157
AD773,249.67438787075866
AD774,447.87805268027734
AD775,216.3868774552083
AD776,980.7005756726978
AD777,634.0558322047052
AD778,608.7811835194469
AD779,711.7754332611745
AD780,839.2557544809201
AD781,475.53524518670446
AD782,566.6983727504589
AD783,504.6139536258706
AD784,490.8395845950302
AD785,57.8683635507948
AD786,330.56832963924364
AD787,357.0029140344358
AD788,297.1379205535668
AD789,838.3072242422719
AD790,212.36121590291853
AD791,1073.0529031896428
AD792,1148.5152624065247
AD793,1837.4126626397342
AD794,483.66177566296574
AD795,1143.6276395506056
AD796,754.1753284427361
AD797,1302.6371585946413
AD798,195.42872949351687
AD799,212.3959970833103
AD800,1498.4020106385283
AD801,1362.6775335927384
AD802,310.3286587720349
AD803,745.5174567301527
AD804,156.01650166756255
AD805,942.723415947836
AD806,133.39524941541814
AD807,1133.1410841610705
AD808,298.8425522253594
AD809,374.43325632862394
AD810,339.381392574277
AD811,190.29498031173534
AD812,814.1338244921359
AD813,515.8485577574332
AD814,1283.7915545107455
AD815,245.2973591042159
AD816,1276.4593517841076
AD817,59.30768955027266
AD818,512.2780073569315
AD819,33.94609889862555
AD820,1145.8368979115412
AD821,408.66438764580647
AD822,965.6591408423426
AD823,908.4803514425661
AD824,1029.9656188192776
AD825,282.77764938148925
AD826,341.4594656067606
AD827,598.5361122839546
AD828,302.61698624572637
AD829,571.3602680025508
AD830,222.888878511277
AD831,71.5446062384008
AD832,118.69581126435958
AD833,355.0539704775621
AD834,240.11560666078472
AD835,725.8412026511716
AD836,180.96417557004935
AD837,690.3009178843489
AD838,688.1865659993948
AD839,1675.8044580751841
AD840,357.8552815166644
AD841,419.19736372648606
AD842,251.51353005145447
AD843,707.839277796494
AD844,947.099035886765
AD845,599.5874534907667
AD846,545.4782758051801
AD847,499.68408249927455
AD848,361.0737744557341
AD849,1098.483344415635
AD850,146.94564458912032
AD851,597.7784100049992
AD852,144.78985909120777
AD853,530.4341485351375
AD854,1039.9459363959406
AD855,196.654852025569
AD856,1318.4394465238952
AD857,281.05242991259126
AD858,212.859994948526
AD859,783.0748152322655
AD860,1663.2323257224175
AD861,385.6520864006679
AD862,479.41255001989566
AD863,1373.8273373620584
AD864,81.2050936800861
AD865,641.3618208556096
AD866,1015.3779860430791
AD867,182.71549773235776
AD868,211.3914998613465
AD869,851.9215184941248
AD870,1380.2045542524456
AD871,556.3388809034182
AD872,422.8389605723703
AD873,125.39437049375634
AD874,589.6792260429445
AD875,144.6057905682693
AD876,100.33320429661832
AD877,1482.1667031708066
AD878,370.6990329085644
AD879,432.71081980764393
AD880,794.3159063490655
AD881,153.52647612314885
AD882,589.6792260429445
AD883,1690.988940819057
AD884,427.84703961673523
AD885,1022.966507959355
AD886,242.73869716891033
AD887,610.0290689349727
AD888,507.6547241048161
AD889,498.1782662123704
AD890,400.9931745287513
AD891,282.78133307624364
AD892,672.8655569437793
AD893,652.0684045830135
AD894,625.4542294034636
AD895,1172.283526099434
AD896,609.5519920292751
AD897,894.7104744020583
AD898,208.14817990372998
AD899,1083.1882428999695
AD900,446.1319869585277
AD901,170.9251254672001
AD902,418.0031182651943
AD903,426.1529203830349
AD904,153.21843204172671
AD905,1411.1257615078573
AD906,1104.267183111411
AD907,816.0278647587403
AD908,1521.3245671348805
AD909,222.91957866984842
AD910,352.59983324179365
AD911,541.8407384625002
AD912,455.5508063223324
AD913,1440.6765503732993
AD914,932.8221861259657
AD915,683.8857189126458
AD916,85.3759975804828
AD917,328.8107361083889
AD918,212.7284879872251
AD919,667.3891814749182
AD920,314.8322519501242
AD921,76.91866509254608
AD922,929.6797745603956
AD923,1257.579140260532
AD924,931.2391126756955
AD925,39.36421831758647
AD926,634.1042547299771
AD927,469.7776888014153
AD928,76.75288650846423
AD929,393.51809489829117
AD930,971.7757079840028
AD931,475.86519168415265
AD932,967.109616184723
AD933,1165.2953490801472
AD934,166.40829925660321
AD935,1273.9267937956988
AD936,1464.506675745101
AD937,234.3064467668517
AD938,130.15609201566446
AD939,474.40408945559324
AD940,642.7117445502864
AD941,1076.4404125481958
AD942,193.10411190215518
AD943,589.0095136233685
AD944,169.74954281398138
AD945,227.33534367506067
AD946,197.69220243023756
AD947,1372.9453209856938
AD948,418.0031182651943
AD949,327.8506591476791
AD950,4.695270671746549
AD951,164.42815148902525
AD952,295.00652447271193
AD953,665.7373110826206
AD954,59.607490476438784
AD955,217.56409928711486
AD956,578.3062107783932
AD957,1380.6145685205286
AD958,284.93616922821275
AD959,231.47906586262656
AD960,1498.836316309715
AD961,864.2875943727179
AD962,422.6428266292973
AD963,670.4147743514077
AD964,495.6724337687339
AD965,629.8621465272863
AD966,809.7539386524963
AD967,1135.6877195846644
AD968,389.43659950270444
AD969,525.9116388905093
AD970,278.297559625953
AD971,302.42254279357843
AD972,209.09467672637257
AD973,1196.4835566633678
AD974,374.6718926054419
AD975,163.53684538507082
AD976,228.30771887376085
AD977,186.27966515205082
AD978,278.316301940679
AD979,149.3831299479183
AD980,105.99464934346868
AD981,543.5475292004851
AD982,412.4721055265129
AD983,258.8368456811668
AD984,467.86921564240754
AD985,235.98019990758624
AD986,523.0660399718437
AD987,167.70450770591606
AD988,31.412146768441637
AD989,373.28742524798713
AD990,397.7335478241509
AD991,1135.4895088899577
AD992,26.237354030153835
AD993,216.135288016754
AD994,365.0779015083193
AD995,153.74801384049954
AD996,930.8376786698955
AD997,28.93555879430587
AD998,897.5237526217229
AD999,1250.2988465792766
AD1000,100.57319336083047
AD1001,201.09583443103887
AD1002,133.50998507036536
AD1003,470.4333569619877
AD1004,218.88939050291086
AD1005,274.1883048308572
AD1006,324.013460680624
AD1007,483.84383165247283
AD1008,316.96219825054624
AD1009,267.62607739623854
AD1010,1237.5304146897115
AD1011,1556.6527651186082
AD1012,231.79749133597105
AD1013,187.13663650642079
AD1014,534.3703948487707
AD1015,612.5440899103847
AD1016,1011.171861017389
AD1017,1043.5721038963359
AD1018,171.8036534942612
AD1019,501.9665029455867
AD1020,428.05563297119005
AD1021,1736.0113017806975
AD1022,471.48031651826597
AD1023,1131.2600128717077
AD1024,1070.5022288624073
AD1025,1020.1340953894013
AD1026,806.2940241090702
AD1027,349.4338488218419
AD1028,21.229050188470115
AD1029,1000.2443881147675
AD1030,912.9502988530941
AD1031,233.01354823674964
AD1032,876.5988044827826
AD1033,1414.1011475328935
AD1034,707.649693889956
AD1035,165.97972705896333
AD1036,1337.7342033119317
AD1037,300.4781210933918
AD1038,1625.7485926213694
AD1039,566.6983727504589
AD1040,382.31323211461995
AD1041,485.5704259339665
AD1042,1165.934552867705
AD1043,1362.7638515803299
AD1044,296.6679864902719
AD1045,970.2806254933126
AD1046,804.4691065729501
AD1047,812.2099995424483
AD1048,215.1849143105247
AD1049,1498.8252093860845
AD1050,29.834206558469145
AD1051,308.1034537357203
AD1052,214.84715060053463
AD1053,177.4205295442911
AD1054,1117.795995433387
AD1055,509.2415423496945
AD1056,1181.7575885438575
AD1057,1360.3967615052563
AD1058,1211.7408864759464
AD1059,530.3810440531435
AD1060,1768.089534102616
AD1061,289.08582847071153
AD1062,871.4396653295767
AD1063,581.2103507653242
AD1064,434.7333089138764
AD1065,751.1014723114516
AD1066,1605.7804904197023
AD1067,864.557067816991
AD1068,94.8486579402001
AD1069,460.0280178405828
AD1070,893.2084432928144
AD1071,637.2832666713955
AD1072,1209.5809655359712
AD1073,1036.7152043443964
AD1074,436.4521529691544
AD1075,475.14357019108337
AD1076,625.4471463645834
AD1077,902.0471278113035
AD1078,1170.4872066219118
AD1079,1273.5093122381327
AD1080,139.92866257979253
AD1081,439.54050763543285
AD1082,1327.4304846534026
AD1083,386.4772778469947
AD1084,516.6538470394712
AD1085,441.9555102465979
AD1086,506.37770321165624
AD1087,72.82048285892836
AD1088,685.6653006253816
AD1089,124.00838540805347
AD1090,1216.844153064067
AD1091,1032.8233754408784
AD1092,165.79372736664124
AD1093,1678.6970201393592
AD1094,475.69664715417343
AD1095,99.946356484096
AD1096,211.67098750522354
AD1097,288.085403996129
AD1098,170.17324349642792
AD1099,561.1945224956263
AD1100,562.9449905297979
AD1101,562.9449905297979
AD1102,569.914602772152
AD1103,560.8743523851422
AD1104,561.1945224956263
AD1105,574.9031389846183
AD1106,563.2981735245213
AD1107,562.9449905297979
AD1108,562.9449905297979
AD1109,567.6740845713683
AD1110,561.1945224956263
AD1111,562.9449905297979
AD1112,571.2528106607923
AD1113,562.9449905297979
AD1114,561.1945224956263
AD1115,574.9031389846183
AD1116,561.1945224956263
AD1117,561.1945224956263
AD1118,561.1945224956263
AD1119,561.1945224956263
AD1120,561.1945224956263
AD1121,561.6914036216758
AD1122,561.1945224956263
AD1123,561.1945224956263
AD1124,562.9449905297979
AD1125,562.9449905297979
AD1126,561.1945224956263
AD1127,566.266125065872
AD1128,562.9449905297979
AD1129,568.2489790784381
AD1130,561.1945224956263
AD1131,561.1945224956263
AD1132,561.1945224956263
AD1133,561.1945224956263
AD1134,561.1945224956263
AD1135,561.1945224956263
AD1136,571.2528106607923
AD1137,565.8024511603835
AD1138,562.9449905297979
AD1139,561.7210373447085
AD1140,564.5507066495958
AD1141,561.1945224956263
AD1142,574.5433548847002
AD1143,561.1945224956263
AD1144,561.7210373447085
AD1145,566.4990068044557
AD1146,564.5507066495958
AD1147,563.0353930143277
AD1148,561.1945224956263
AD1149,561.1945224956263
AD1150,563.687322424882
AD1151,561.7210373447085
AD1152,564.5507066495958
AD1153,566.266125065872
AD1154,568.3260344508598
AD1155,574.9031389846183
AD1156,561.1945224956263
AD1157,561.1945224956263
AD1158,561.1945224956263
AD1159,571.2528106607923
AD1160,563.099150466912
AD1161,561.1945224956263
AD1162,567.1333552934582
AD1163,561.1945224956263
AD1164,561.1945224956263
AD1165,560.8743523851422
AD1166,561.1945224956263
AD1167,561.1945224956263
AD1168,564.5507066495958
AD1169,561.1945224956263
AD1170,561.1945224956263
AD1171,563.099150466912
AD1172,566.266125065872
AD1173,562.9449905297979
AD1174,571.2528106607923
AD1175,560.8743523851422
AD1176,561.1945224956263
AD1177,565.2617218824734
AD1178,564.5507066495958
AD1179,564.5507066495958
AD1180,561.1945224956263
AD1181,562.9449905297979
AD1182,562.9449905297979
AD1183,561.7210373447085
AD1184,574.4239161183859
AD1185,561.1945224956263
AD1186,562.9449905297979
AD1187,561.1945224956263
AD1188,562.9449905297979
AD1189,561.2275353798656
AD1190,562.9449905297979
AD1191,562.9449905297979
AD1192,561.1945224956263
AD1193,561.1945224956263
AD1194,561.1945224956263
AD1195,561.5477054903497
AD1196,563.0353930143277
AD1197,574.2166290209261
AD1198,561.1945224956263
AD1199,561.1945224956263
AD1200,567.7853051729496
AD1201,562.9449905297979
AD1202,561.7210373447085
AD1203,564.5507066495958
AD1204,561.7210373447085
AD1205,561.6914036216758
AD1206,561.1945224956263
AD1207,566.266125065872
AD1208,561.1945224956263
AD1209,561.1945224956263
AD1210,565.7253957879618
AD1211,561.5477054903497
AD1212,561.1945224956263
AD1213,562.9449905297979
AD1214,568.7897083563482
AD1215,561.1945224956263
AD1216,570.3247232845918
AD1217,561.1945224956263
AD1218,566.6865530876424
AD1219,561.1945224956263
AD1220,561.1945224956263
AD1221,564.5507066495958
AD1222,562.9449905297979
AD1223,563.099150466912
AD1224,562.0445866163992
AD1225,561.1945224956263
AD1226,574.9031389846183
AD1227,563.2236485193936
AD1228,562.9449905297979
AD1229,561.1945224956263
AD1230,562.9449905297979
AD1231,561.1945224956263
AD1232,561.1945224956263
AD1233,561.7210373447085
AD1234,561.1945224956263
AD1235,562.9449905297979
AD1236,562.9449905297979
AD1237,561.1945224956263
AD1238,561.1945224956263
AD1239,561.1945224956263
AD1240,574.9031389846183
AD1241,561.1945224956263
AD1242,562.9449905297979
AD1243,561.1945224956263
AD1244,561.1945224956263
AD1245,561.1945224956263
AD1246,574.9031389846183
AD1247,561.5477054903497
AD1248,561.7210373447085
AD1249,573.9750516084177
AD1250,563.2981735245213
AD1251,562.9449905297979
AD1252,573.2885416447256
AD1253,568.2489790784381
AD1254,574.9031389846183
AD1255,561.7210373447085
AD1256,561.1945224956263
AD1257,564.5507066495958
AD1258,566.266125065872
AD1259,564.5507066495958
AD1260,562.9449905297979
AD1261,562.9449905297979
AD1262,561.1945224956263
AD1263,561.7210373447085
AD1264,573.5113777029293
AD1265,562.9449905297979
AD1266,561.1945224956263
AD1267,562.9449905297979
AD1268,561.5477054903497
AD1269,574.9031389846183
AD1270,561.7210373447085
AD1271,561.5477054903497
AD1272,561.1945224956263
AD1273,561.7210373447085
AD1274,561.1945224956263
AD1275,561.1945224956263
AD1276,562.9449905297979
AD1277,562.9449905297979
AD1278,561.1945224956263
AD1279,563.0353930143277
AD1280,562.9449905297979
AD1281,569.914602772152
AD1282,561.1945224956263
AD1283,564.5507066495958
AD1284,561.1945224956263
AD1285,562.9449905297979
AD1286,561.7210373447085
AD1287,575.815677400075
AD1288,561.1945224956263
AD1289,564.5507066495958
AD1290,563.687322424882
AD1291,561.1945224956263
AD1292,566.266125065872
AD1293,561.1945224956263
AD1294,561.1945224956263
AD1295,561.1945224956263
AD1296,561.1945224956263
AD1297,563.099150466912
AD1298,562.9449905297979
AD1299,561.7210373447085
AD1300,561.1945224956263
AD1301,560.8743523851422
AD1302,562.9449905297979
AD1303,562.4813166243094
AD1304,561.1945224956263
AD1305,567.6740845713683
AD1306,561.7210373447085
AD1307,561.1945224956263
AD1308,563.687322424882
AD1309,561.7210373447085
AD1310,566.266125065872
AD1311,561.1945224956263
AD1312,561.1945224956263
AD1313,571.2528106607923
AD1314,561.1945224956263
AD1315,562.9449905297979
AD1316,561.1945224956263
AD1317,561.1945224956263
AD1318,561.1945224956263
AD1319,561.1945224956263
AD1320,562.9449905297979
AD1321,562.9449905297979
AD1322,562.9449905297979
AD1323,566.1458238097323
AD1324,568.7897083563482
AD1325,561.1945224956263
AD1326,564.5507066495958
AD1327,563.2981735245213
AD1328,560.8743523851422
AD1329,562.9449905297979
AD1330,562.9449905297979
AD1331,561.1945224956263
AD1332,564.5507066495958
AD1333,561.7210373447085
AD1334,858.1216762665032
AD1335,613.3710389751825
AD1336,144.17724339791445
AD1337,98.9024245787657
AD1338,106.87887222158085
AD1339,401.5276240398694
AD1340,442.1975797724885
AD1341,1059.1778047880573
AD1342,381.8835669762082
AD1343,542.8008793759225
AD1344,278.37899657491334
AD1345,1304.1589073544285
AD1346,1533.8400265035987
AD1347,861.9247070839624
AD1348,195.82685401266215
AD1349,451.08586409817684
AD1350,693.1484454928299
AD1351,229.6466232782106
AD1352,443.2760831598653
AD1353,370.11037402613465
AD1354,42.03021266014887
AD1355,494.0574226575556
AD1356,119.32803309967318
AD1357,111.21754888017962
AD1358,44.59783990726391
AD1359,572.0432362844447
AD1360,175.65902531168186
AD1361,228.7914530329916
AD1362,463.19276494452316
AD1363,421.12624353524046
AD1364,187.13663650642079
AD1365,664.7901084080751
AD1366,293.7805039852065
AD1367,567.3190493496451
AD1368,1010.1831480711254
AD1369,329.41737003486423
AD1370,972.2269341311622
AD1371,357.42334734611364
AD1372,139.42591085874486
AD1373,696.6020838904886
AD1374,113.33692153200471
AD1375,1114.9631385337943
AD1376,448.0344746872206
AD1377,1290.499538255381
AD1378,1211.4357024145688
AD1379,399.8290816589725
AD1380,146.8155019936341
AD1381,465.8836517761068
AD1382,142.03002218999205
AD1383,337.2581065459636
AD1384,1198.8205330199835
AD1385,86.25957396713365
AD1386,1864.847195214205
AD1387,376.85821101190203
AD1388,333.07660917049856
AD1389,635.7077529618762
AD1390,577.9324554408132
AD1391,795.7995884457534
AD1392,515.5597763554523
AD1393,950.0925363850287
AD1394,480.87663574690026
AD1395,1507.5873987509242
AD1396,260.2930942276222
AD1397,217.56409928711486
AD1398,101.91980400186627
AD1399,826.2401308949127
AD1400,1541.8517399144273
AD1401,1144.9068045539595
AD1402,348.0441626698108
AD1403,917.8197315332328
AD1404,146.43766529522352
AD1405,1357.108389159975
AD1406,266.65415081130175
AD1407,128.70585822703214
AD1408,677.1459030467721
AD1409,1539.9773619123594
AD1410,341.74414331186995
AD1411,124.28505634071861
AD1412,799.8684271170325
AD1413,131.99375331488758
AD1414,117.2775822540068
AD1415,154.1084205201523
AD1416,1002.7779728015784
AD1417,347.8930672237359
AD1418,1499.0261799465088
AD1419,160.44124559463407
AD1420,344.036549886559
AD1421,152.51164464808508
AD1422,376.48931168231223
AD1423,899.7249500604914
AD1424,116.83234659981285
AD1425,876.8947793839294
AD1426,716.8150152169602
AD1427,326.5883739894704
AD1428,82.57120483895085
AD1429,1370.8953362951881
AD1430,1418.9190274352663
AD1431,1133.1705606170694
AD1432,320.2359849022228
AD1433,1725.18326973376
AD1434,125.19474796704655
AD1435,1074.8131531322706
AD1436,373.4931394139434
AD1437,591.3157724032835
AD1438,339.66742649243037
AD1439,317.35490387548333
AD1440,31.80337216321122
AD1441,560.0217120905163
AD1442,677.8975801958475
AD1443,571.3174052237403
AD1444,175.39646494903124
AD1445,1886.7389667485163
AD1446,401.26667322952164
AD1447,1508.5928444327287
AD1448,323.7181804076913
AD1449,183.52590857214093
AD1450,76.16200960470411
AD1451,216.3215540914607
AD1452,381.2521719511435
AD1453,183.10161182567396
AD1454,1654.9855945324225
AD1455,709.1837351507544
AD1456,209.4804354852439
AD1457,316.8932212000263
AD1458,373.1801478235906
AD1459,180.50978653168704
AD1460,306.32473071515955
AD1461,1620.6661328508158
AD1462,366.2905137289951
AD1463,163.50122092826462
AD1464,843.8315582282429
AD1465,74.08005560571014
AD1466,80.10279521549953
AD1467,110.5651373670584
AD1468,40.798976817714696
AD1469,593.357421715195
AD1470,588.5169489693085
AD1471,314.35523838771184
AD1472,458.5394931134678
AD1473,16.7257724923075
AD1474,826.5824496947223
AD1475,567.9749530129003
AD1476,1249.7486473025972
AD1477,1076.4404125481958
AD1478,358.7972656496638
AD1479,406.4043850371487
AD1480,1029.9656188192776
AD1481,302.6049712605992
AD1482,173.16589498961017
AD1483,222.7691286208534
AD1484,475.29755536391923
AD1485,135.15715585516398
AD1486,136.64252986030795
AD1487,581.9957024948759
AD1488,717.4218307002866
AD1489,47.506735829329415
AD1490,422.74909353524157
AD1491,295.77618214259707
AD1492,899.4712469566501
AD1493,1250.4880498498455
AD1494,574.1626208766354
AD1495,146.44366118612106
AD1496,1479.9169003790605
AD1497,381.8828677184937
AD1498,82.25344713705118
AD1499,567.2248875995411
AD1500,620.8806423776559
AD1501,115.1973570415507
AD1502,1501.6623602467407
AD1503,222.2480680901954
AD1504,699.0847305563817
AD1505,951.0467452212719
AD1506,632.0226064876742
AD1507,628.3068280099925
AD1508,652.1961654566167
AD1509,176.18552968315925
AD1510,967.7014733344477
AD1511,571.7361564725148
AD1512,464.3118161144539
AD1513,405.54663894751815
AD1514,1023.9145827287489
AD1515,690.9004993109162
AD1516,746.8037641148702
AD1517,1811.9918048661373
AD1518,94.19282882433478
AD1519,479.02258889657537
AD1520,345.638062578929
AD1521,112.33873878341535
AD1522,120.4517961496477
AD1523,728.359869598376
AD1524,582.434005811503
AD1525,366.7743812093697
AD1526,231.0193965452512
AD1527,552.5991523640334
AD1528,883.6691287517438
AD1529,1837.5366634066872
AD1530,313.95575261379724
AD1531,307.73572412737565
AD1532,1327.9531771122902
AD1533,465.6697237117326
AD1534,525.809711497189
AD1535,585.305274541132
AD1536,427.72667005140994
AD1537,1280.9933911265139
AD1538,18.535731661149523
AD1539,461.2626468332477
AD1540,1404.012283032032
AD1541,810.4717232344689
AD1542,193.55009276817708
AD1543,257.265879686396
AD1544,67.49421253619695
AD1545,562.6145958574899
AD1546,982.8934158878994
AD1547,256.5544803738692
AD1548,68.27345036591431
AD1549,731.3440262741573
AD1550,645.7556239356499
AD1551,167.62658560160895
AD1552,145.72126282585882
AD1553,578.4917799577843
AD1554,373.43946738299366
AD1555,626.8692458932184
AD1556,80.82575145766981
AD1557,413.66008442682846
AD1558,891.9626336958797
AD1559,137.59046694400607
AD1560,457.0543292832898
AD1561,857.5430260469109
AD1562,1586.4889479984515
AD1563,405.477204705799
AD1564,598.7184665976226
AD1565,922.9612739497304
AD1566,140.88226467052172
AD1567,179.26210906469603
AD1568,1215.5886320906866
AD1569,10.54415097792491
AD1570,1384.2713485213399
AD1571,765.3431927957146
AD1572,964.2915377530209
AD1573,1366.315888694741
AD1574,170.38328126499033
AD1575,682.1008354933625
AD1576,125.65677836559362
AD1577,99.2939008281468
AD1578,862.2043187106207
AD1579,80.10522647709678
AD1580,200.40439191899043
AD1581,490.33558707745203
AD1582,243.8981264506084
AD1583,1682.52526672743
AD1584,394.5509763689106
AD1585,130.9921155022125
AD1586,206.367082910977
AD1587,719.1760748195697
AD1588,210.18615814942072
AD1589,260.20579909375687
AD1590,175.9972741780933
AD1591,264.0563496045765
AD1592,1140.708323152491
AD1593,205.46675440690126
AD1594,297.7433005462837
AD1595,165.50900512391783
AD1596,402.07275173113635
AD1597,83.95281677150507
AD1598,441.5099375066482
AD1599,396.88552303909097
AD1600,138.81245916032606
AD1601,84.5167131530244
AD1602,204.61742241612404
AD1603,279.6856534951836
AD1604,66.10975322518068
AD1605,290.533822643173
AD1606,1736.0113017806975
AD1607,509.8022017077174
AD1608,203.49265720899078
AD1609,1318.4394465238952
AD1610,241.47666195892126
AD1611,77.22818566139632
AD1612,309.51359955585434
AD1613,881.170294958934
AD1614,1849.451182833329
AD1615,1192.2193985562287
AD1616,248.3616589515495
AD1617,267.3935178160535
AD1618,435.1629568856121
AD1619,700.044871469804
AD1620,114.96480542903075
AD1621,156.2252750626216
AD1622,328.18494544394065
AD1623,293.49121083744404
AD1624,1024.859360857964
AD1625,1272.6597388770708
AD1626,202.91330962665032
AD1627,655.2879072826951
AD1628,342.8750260840802
AD1629,383.8243904964171
AD1630,226.2931540811736
AD1631,493.5853771060949
AD1632,224.22365155829263
AD1633,1779.7073384131584
AD1634,204.15844629237674
AD1635,1166.5037737157215
AD1636,208.477034268335
AD1637,1273.6231934434313
AD1638,102.99116332244367
AD1639,288.6710085081285
AD1640,332.4855736821829
AD1641,401.03438638458084
AD1642,261.25156528793326
AD1643,807.1989825289486
AD1644,463.68136860220295
AD1645,539.6978476978878
AD1646,337.0328343485118
AD1647,332.6137546083198
AD1648,999.4343540824385
AD1649,1315.5010131580188
AD1650,209.50592428304253
AD1651,330.56832963924364
AD1652,664.5532124823798
AD1653,1179.9513576758811
AD1654,30.895293033346196
AD1655,239.580455823865
AD1656,54.394694435449814
AD1657,433.7199109613943
AD1658,122.0710957147362
AD1659,1127.1574106767698
AD1660,907.6614519247049
AD1661,1698.0417949623636
AD1662,414.7861811500619
AD1663,272.1569079086352
AD1664,130.59012844613935
AD1665,288.68668093214626
AD1666,166.03080629539065
AD1667,236.49873863434243
AD1668,73.62243160991784
AD1669,76.80952799238744
AD1670,905.7412788441404
AD1671,1043.5721038963359
AD1672,245.87960188327014
AD1673,160.14201826125228
AD1674,1004.7851311931686
AD1675,222.6371175089816
AD1676,210.18615814942072
AD1677,1389.1462547188594
AD1678,519.963879511148
AD1679,261.68287668064914
AD1680,1245.8088819024317
AD1681,122.9122700147705
AD1682,970.2920258873148
AD1683,1332.0965621350426
AD1684,530.6984943885903
AD1685,113.37605834436759
AD1686,798.987010629584
AD1687,110.11184843978928
AD1688,784.6408565652638
AD1689,568.3081150290874
AD1690,1299.0599501148884
AD1691,1616.7000563220834
AD1692,823.073529067855
AD1693,339.44859920395925
AD1694,154.27119618431783
AD1695,202.30592872202178
AD1696,242.3662651121697
AD1697,857.5515059096844
AD1698,264.88175802325617
AD1699,102.81286663582085
AD1700,1594.1297625762031
AD1701,160.96721174584818
AD1702,212.10301148735616
AD1703,375.0905933166671
AD1704,362.82227138059346
AD1705,684.8828046591107
AD1706,48.297918271077926
AD1707,828.9861308811124
AD1708,1217.702215731472
AD1709,573.1107360367224
AD1710,235.47048904558585
AD1711,566.6492263334492
AD1712,218.70596331068165
AD1713,120.34739430594595
AD1714,469.5065599079494
AD1715,476.42683869583516
AD1716,253.93016606668542
AD1717,524.1693692513902
AD1718,141.45444717147197
AD1719,30.883687445783053
AD1720,1124.565008981113
AD1721,959.6573486406152
AD1722,599.9163451721819
AD1723,272.31376652069673
AD1724,266.96829531925727
AD1725,153.5589331823954
AD1726,49.77396954865482
AD1727,749.3390859413378
AD1728,1133.1410841610705
AD1729,139.8416449922416
AD1730,968.3871293279766
AD1731,243.98549303593475
AD1732,419.6430959910835
AD1733,517.5437732224741
AD1734,271.4679352626022
AD1735,399.1556473527858
AD1736,905.1873719335862
AD1737,337.7939963025259
AD1738,1027.7637542749203
AD1739,6.9736913369840625
AD1740,185.3923208105579
AD1741,87.23501656130402
AD1742,178.87199909763228
AD1743,438.6738832832774
AD1744,1651.0169708298795
AD1745,1327.6899336271736
AD1746,844.8164851288283
AD1747,660.4177299555034
AD1748,1483.4596726573532
AD1749,1264.0341085081504
AD1750,1069.1272094872966
AD1751,307.0652656942986
AD1752,1023.3423954226395
AD1753,1736.292051848943
AD1754,118.63821327369747
AD1755,89.7069723304578
AD1756,31.917922093000037
AD1757,1378.6715659818797
AD1758,1298.9192422396864
AD1759,123.43076951966515
AD1760,208.44618542793285
AD1761,702.3391564948298
AD1762,210.9562015440771
AD1763,230.1284757185569
AD1764,272.21974885222903
AD1765,639.1456296045784
AD1766,197.26197335892434
AD1767,1283.8908749251163
AD1768,899.297630546948
AD1769,330.4491758559492
AD1770,476.01681726465745
AD1771,589.1527111938623
AD1772,484.4733148297168
AD1773,362.9274939499329
AD1774,31.633165127026498
AD1775,1631.867924573955
AD1776,1633.031256997187
AD1777,624.7743683257703
AD1778,301.26792249955474
AD1779,318.13441612673387
AD1780,1301.9154410795384
AD1781,940.5927609673832
AD1782,1133.0414101192275
AD1783,189.3012926063916
AD1784,282.3246350355648
AD1785,959.0613929435249
AD1786,33.37838994179746
AD1787,634.6535831953043
AD1788,101.98569756058808
AD1789,154.4991131214699
AD1790,311.4426891482669
AD1791,1516.8505469507459
AD1792,1200.6114109963876
AD1793,345.75397443235585
AD1794,65.04892287525219
AD1795,818.8875456347325
AD1796,187.33147507090248
AD1797,981.2656382172939
AD1798,83.0236829662232
AD1799,566.6843083071461
AD1800,73.62243160991784
AD1801,597.1510854366534
AD1802,1338.3889331374173
AD1803,84.35460457805135
AD1804,99.86218038528366
AD1805,1430.5395358608478
AD1806,811.4999534725987
AD1807,205.36360692082994
AD1808,682.9769507537669
AD1809,124.81307283810993
AD1810,244.84907803030254
AD1811,889.7159333900424
AD1812,566.2960433387258
AD1813,511.291033579446
AD1814,1069.6800390229287
AD1815,128.17631774557287
AD1816,618.6218355424459
AD1817,710.0804783935716
AD1818,311.71448352499084
AD1819,552.5287876392484
AD1820,10.382819360600577
AD1821,588.2394212355391
AD1822,120.89957221640093
AD1823,1079.0961899074405
AD1824,1756.9782947474007
AD1825,1714.2376307117006
AD1826,816.2061595712242
AD1827,982.0013736051551
AD1828,385.51788912249106
AD1829,1015.5216950528875
AD1830,187.00076403728073
AD1831,273.93360780196133
AD1832,66.2194643291912
AD1833,968.0239840257052
AD1834,945.3485678525934
AD1835,945.9455114804333
AD1836,187.36914879845037
AD1837,533.1018494212243
AD1838,430.377856418375
AD1839,1173.3312785372643
AD1840,420.81419256007837
AD1841,501.00001995003294
AD1842,330.63910692704127
AD1843,32.91231055852864
AD1844,506.7191759771519
AD1845,513.6712713004371
AD1846,562.1981530629001
AD1847,1797.7435250964843
AD1848,1486.194729960404
AD1849,302.6049712605992
AD1850,105.42563756900053
AD1851,86.6883282755439
AD1852,10.522704512726536
AD1853,784.8205056736501
AD1854,190.86518765293397
AD1855,203.0409678262254
AD1856,111.5680675643746
AD1857,255.600672972743
AD1858,1030.5549811296048
AD1859,783.6585776418739
AD1860,407.61605585628064
AD1861,1101.364427569234
AD1862,716.0432766918522
AD1863,389.064672949703
AD1864,1185.2809185201402
AD1865,1085.1239467503115
AD1866,610.0651960277276
AD1867,739.4074795978433
AD1868,727.044637086821
AD1869,141.35971910512882
AD1870,564.307891785405
AD1871,651.6079493237045
AD1872,286.7779433724018
AD1873,405.40651566271197
AD1874,159.95510626931923
AD1875,746.8037641148702
AD1876,216.78936114342707
AD1877,332.9418567731052
AD1878,364.5784792444786
AD1879,205.49822169385644
AD1880,315.74588345428134
AD1881,260.081518555226
AD1882,505.7732584875576
AD1883,115.73902943159523
AD1884,582.94773671521
AD1885,62.65292023942869
AD1886,782.3057182958436
AD1887,1518.759154418961
AD1888,165.31647093655803
AD1889,58.37224895626829
AD1890,93.83964582961138
AD1891,1323.9916764379154
AD1892,223.9385114857742
AD1893,655.5215685626413
AD1894,162.86609698566187
AD1895,450.81541365868253
AD1896,968.6358494069269
AD1897,96.49599492997409
AD1898,222.1560122741469
AD1899,287.89757757026723
AD1900,668.236002477748
AD1901,186.81709519357352
AD1902,1527.0505556895248
AD1903,47.612144121097685
AD1904,576.2320302764444
AD1905,1229.2076779932147
AD1906,1098.483344415635
AD1907,1041.3816018681705
AD1908,782.0482505452114
AD1909,125.40986227681444
AD1910,1549.9873100472046
AD1911,350.60730780818074
AD1912,240.1875881807904
AD1913,95.72039071424085
AD1914,64.60145154668729
AD1915,351.9895762460304
AD1916,625.6879215342649
AD1917,1812.224288465255
AD1918,1196.139080345141
AD1919,150.99414543416336
AD1920,33.39441931093011
AD1921,654.1217731553074
AD1922,492.85589535770373
AD1923,956.1331342612577
AD1924,123.18828484989773
AD1925,476.79931323092825
AD1926,213.67666744661324
AD1927,138.00176389966597
AD1928,515.8185099162848
AD1929,863.8915533006916
AD1930,90.32363746626245
AD1931,235.47048904558585
AD1932,668.3558360769848
AD1933,233.99181101427294
AD1934,979.0120168113831
AD1935,746.8037641148702
AD1936,441.3198990148638
AD1937,514.8817092383355
AD1938,844.1136103585587
AD1939,67.63644083020417
AD1940,1212.6353412164365
AD1941,266.1636741382286
AD1942,76.9709519883654
AD1943,1588.481356137434
AD1944,383.3893031538863
AD1945,168.21988387631936
AD1946,827.6943255915247
AD1947,332.632214172848
AD1948,499.9104937295867
AD1949,9.397950177526488
AD1950,1236.4489102142618
AD1951,769.7615879164707
AD1952,395.645893929709
AD1953,395.7966743577662
AD1954,1254.4589422816327
AD1955,336.375591013214
AD1956,1366.477806248015
AD1957,149.30140718948954
AD1958,45.6081310445629
AD1959,254.50872792456036
AD1960,419.19736372648606
AD1961,1152.3692330934334
AD1962,14.403108174937053
AD1963,282.42446638676586
AD1964,173.10490997350243
AD1965,667.0120492926586
AD1966,1098.8756330672686
AD1967,711.7754332611745
AD1968,92.03228116352304
AD1969,149.75167597565513
AD1970,1096.3456970672805
AD1971,63.249826655622826
AD1972,40.21026280904505
AD1973,144.92900526324982
AD1974,276.65358513130957
AD1975,146.90207738070362
AD1976,477.6989138502862
AD1977,1175.9540985124506
AD1978,136.134058668208
AD1979,408.9694516495753
AD1980,236.58029899108882
AD1981,423.3900740587045
AD1982,536.2547813842469
AD1983,553.049356554464
AD1984,651.6989369578351
AD1985,743.3093075226591
AD1986,96.49378662869445
AD1987,857.0295055844025
AD1988,1082.7148375693018
AD1989,1279.4876629550517
AD1990,653.1210364864701
AD1991,715.7476493474908
AD1992,759.0025438275302
AD1993,573.1238103222252
AD1994,340.80897931186195
AD1995,163.11087004470403
AD1996,332.9147104757391
AD1997,10.382819360600577
AD1998,1276.820229935774
AD1999,466.446727366275
AD2000,68.10210522354613
AD2001,547.5898087943599
AD2002,247.99086102859104
AD2003,345.18967887573694
AD2004,200.51268279740847
AD2005,629.2636951630922
AD2006,98.11816752174227
AD2007,792.2755949234463
AD2008,235.6608266316871
AD2009,513.4619975727985
AD2010,517.2988330445797
AD2011,1101.7832946954518
AD2012,1210.2512820297936
AD2013,804.502259510877
AD2014,1338.9838343232416
AD2015,108.08282259163605
AD2016,11.518093895230082
AD2017,242.538638989511
AD2018,1748.8853593907902
AD2019,231.6921219268616
AD2020,377.57830271809223
AD2021,595.5843564915743
AD2022,805.9386972609318
AD2023,1124.1932225443165
AD2024,522.2927959623529
AD2025,633.7386886896345
AD2026,946.7719316830768
AD2027,158.44628539416016
AD2028,114.17645972387272
AD2029,550.6541858730045
AD2030,101.55346208153365
AD2031,443.510326628929
AD2032,623.7519821995616
AD2033,734.8583987113326
AD2034,764.6125156026468
AD2035,635.2589503175753
AD2036,1499.872678951885
AD2037,26.83250699719807
AD2038,586.127906558515
AD2039,492.59005262920175
AD2040,89.67300385279961
AD2041,391.4652976752253
AD2042,517.5575464295705
AD2043,442.38708480319457
AD2044,96.95992528601401
AD2045,113.37647212077765
AD2046,209.5768907116413
AD2047,199.74966483402892
AD2048,517.9811167289838
AD2049,335.2484874704011
AD2050,1269.3220696721235
AD2051,338.18765467063463
AD2052,217.62821969914566
AD2053,175.72672054780682
AD2054,409.8809000077344
AD2055,560.2252803153038
AD2056,344.54071450255543
AD2057,1211.7349641264814
AD2058,246.3426426135445
AD2059,462.31704732260744
AD2060,100.90189196007256
AD2061,685.5124118917201
AD2062,287.87899649359343
AD2063,1070.697354587792
AD2064,993.3593203241984
AD2065,720.5822132179667
AD2066,96.49198426327771
AD2067,1357.2160879533512
AD2068,400.49362917620977
AD2069,452.6165017172231
AD2070,135.49005824569346
AD2071,1045.0862513389393
AD2072,1337.500354575328
AD2073,160.40144577102012
AD2074,665.8431300748407
AD2075,1150.4160752937883
AD2076,1291.445442407653
AD2077,1026.2630074576361
AD2078,157.5991102129914
AD2079,797.2177642871152
AD2080,483.01096416386747
AD2081,868.2263913810018
AD2082,80.44983045945752
AD2083,584.1303562620869
AD2084,1760.8381494485784
AD2085,361.14022042742806
AD2086,617.2606633414739
AD2087,567.3190493496451
AD2088,517.3911330663091
AD2089,616.5148049007563
AD2090,39.50487590613216
AD2091,590.0228904932461
AD2092,194.22488813223424
AD2093,341.04534093130474
AD2094,340.96795333830215
AD2095,271.91622101521875
AD2096,438.6738832832774
AD2097,548.2384030103392
AD2098,748.4445922050905
AD2099,269.5433456792888
AD2100,477.6404675379858
AD2101,1350.4891215138812
AD2102,957.7251149719056
AD2103,829.2477303471311
AD2104,115.71261232615831
AD2105,383.9432258745175
AD2106,601.1383823543432
AD2107,274.1883048308572
AD2108,275.4015003450262
AD2109,182.9009873023088
AD2110,201.3136867007933
AD2111,837.0712803881804
AD2112,827.1738551939965
AD2113,1294.4724284986792
AD2114,10.5096574585613
AD2115,976.6398955215615
AD2116,970.2440801185961
AD2117,454.46218093932504
AD2118,428.9455666461562
AD2119,423.2978275487301
AD2120,134.3995027822437
AD2121,65.23882777824372
AD2122,771.9030633980717
AD2123,702.3391564948298
AD2124,1260.6506883121008
AD2125,296.87941174455676
AD2126,173.95992031332972
AD2127,155.77914938493907
AD2128,137.79418351415578
AD2129,104.5893892087061
AD2130,240.93613799297952
AD2131,7.9326010514890335
AD2132,33.67975459829779
AD2133,1178.2041902416092
AD2134,592.2826532299827
AD2135,84.35460457805135
AD2136,739.0873094873592
AD2137,1267.8383875754357
AD2138,1350.9144679863734
AD2139,520.3745543230207
AD2140,726.8952330598107
AD2141,867.1424635640147
AD2142,773.4000979233185
AD2143,851.3499419846106
AD2144,1508.9553181170422
AD2145,1134.3654790376384
AD2146,438.9535056191942
AD2147,1050.4502626488825
AD2148,420.0436016176487
AD2149,234.67036718636976
AD2150,415.3055511453443
AD2151,315.08335885647205
AD2152,211.3600899163045
AD2153,543.4782083746409
AD2154,1133.1410841610705
AD2155,1040.1495852464204
AD2156,193.72126360275934
AD2157,84.95846842751492
AD2158,585.4677432833685
AD2159,709.3286351262624
AD2160,1182.83601116375
AD2161,436.8650407694435
AD2162,723.0911943801111
AD2163,91.07976525107777
AD2164,705.1314480218299
AD2165,113.69023084877075
AD2166,151.13173544801643
AD2167,1581.9219684817133
AD2168,491.2978279559076
AD2169,1183.155708423797
AD2170,1318.4394465238952
AD2171,115.90857450831892
AD2172,876.3151008820066
AD2173,971.7959391285807
AD2174,1048.546977062014
AD2175,127.31359716321424
AD2176,623.6247305587859
AD2177,1259.070605162881
AD2178,412.9128011454351
AD2179,1012.6370900037244
AD2180,932.4588182966412
AD2181,175.7601440336862
AD2182,206.8891703331838
AD2183,178.80317906936304
AD2184,693.313534682536
AD2185,1102.3724167754824
AD2186,367.85427256261676
AD2187,276.91642280413765
AD2188,680.8304718746302
AD2189,254.66967496539309
AD2190,245.83797842677953
AD2191,1787.4767950944793
AD2192,653.4771943069883
AD2193,101.91980400186627
AD2194,334.4176458697382
AD2195,399.8489327001679
AD2196,343.24853299742136
AD2197,394.1862676798209
AD2198,1473.0798758010214
AD2199,632.2158099854129
AD2200,587.5874140947336
AD2201,253.20325080644233
AD2202,1172.9415776631643
AD2203,160.28011603414154
AD2204,271.69229341863235
AD2205,554.7005060755187
AD2206,211.08286052927807
AD2207,118.53119599939409
AD2208,315.2472635056983
AD2209,305.90820098034567
AD2210,286.4655854896236
AD2211,412.47597319851405
AD2212,792.0598121378288
AD2213,450.55151281693855
AD2214,741.0252829513785
AD2215,204.54595538488056
AD2216,137.39091693886982
AD2217,651.4964975198664
AD2218,792.6977341318225
AD2219,690.8180368714475
AD2220,433.6905916819727
AD2221,392.39735340244
AD2222,222.96759250019866
AD2223,477.49603742523766
AD2224,637.8372260900836
AD2225,197.77668956471345
AD2226,187.62164198139845
AD2227,313.1185985280008
AD2228,127.11155051754436
AD2229,305.16680108449555
AD2230,1569.3580286946076
AD2231,100.25907082708558
AD2232,750.2670386615149
AD2233,391.67910543532173
AD2234,1015.7429707880851
AD2235,303.335953831856
AD2236,200.06314277595698
AD2237,821.614933791102
AD2238,283.82894080661146
AD2239,419.10222402658326
AD2240,218.4776349048205
AD2241,1627.6599058014401
AD2242,65.71722154485012
AD2243,177.0831739884539
AD2244,1276.015437629503
AD2245,136.51215206278468
AD2246,351.35452735653445
AD2247,260.4212663935006
AD2248,708.0028768846794
AD2249,184.8640585024023
AD2250,91.16579969815199
AD2251,398.49743364295875
AD2252,914.5025191249449
AD2253,173.0224121845645
AD2254,357.19704924293154
AD2255,651.8388837734735
AD2256,762.2562276253141
AD2257,237.53985206906924
AD2258,537.9909308353203
AD2259,706.2764908537442
AD2260,230.6662135505278
AD2261,711.4552631506904
AD2262,142.95594757298824
AD2263,167.72954774389194
AD2264,282.25902299314635
AD2265,780.569701234956
AD2266,1037.6547913302165
AD2267,1699.2326610861303
AD2268,870.8951378459332
AD2269,124.78989629250337
AD2270,658.7513876324556
AD2271,746.4944836636813
AD2272,688.1121003422415
AD2273,693.1484454928299
AD2274,171.919014916693
AD2275,112.25824317708428
AD2276,678.7795436881606
AD2277,487.2023880756773
AD2278,380.048652223864
AD2279,1886.7389667485163
AD2280,915.3600473026522
AD2281,159.00040654369906
AD2282,1633.5256762818601
AD2283,103.76741065073188
AD2284,375.459543138314
AD2285,392.8439088346516
AD2286,940.9438491336042
AD2287,541.8320158351738
AD2288,473.07269445150706
AD2289,914.645678769222
AD2290,535.7279702792505
AD2291,176.0486439046915
AD2292,957.9499729734894
AD2293,212.65750650288578
AD2294,648.7941819466715
AD2295,141.9700957841147
AD2296,57.15123976744597
AD2297,795.2297355599919
AD2298,131.90537498139494
AD2299,1278.152092275262
AD2300,915.1152305298791
AD2301,221.9202853182564
AD2302,236.31591787174963
AD2303,540.4152690065514
AD2304,1023.5096518825653
AD2305,968.0239840257052
AD2306,487.4303680689785
AD2307,1460.4911606018636
AD2308,219.48872657512965
AD2309,270.1710498032407
AD2310,1276.9527545278029
AD2311,915.5445435014267
AD2312,430.4368192032486
AD2313,329.8187484586075
AD2314,762.9736371631919
AD2315,766.1837706983463
AD2316,1173.2262250020544
AD2317,571.3174052237403
AD2318,118.69874255917364
AD2319,491.7722859182822
AD2320,886.7808968158564
AD2321,782.7812022042793
AD2322,406.0163206561808
AD2323,228.8550271951544
AD2324,119.81716024879307
AD2325,250.98997561985522
AD2326,904.0105451718075
AD2327,443.8100136733186
AD2328,426.55900842794665
AD2329,425.1000860700557
AD2330,143.8129115015112
AD2331,155.33714938284916
AD2332,327.21856206973433
AD2333,160.1254529376479
AD2334,52.5225926954573
AD2335,95.54949909426993
AD2336,1277.8388634160153
AD2337,98.6681096372957
AD2338,146.39199389952893
AD2339,883.8395263656894
AD2340,111.55423435717621
AD2341,450.81541365868253
AD2342,529.974588920257
AD2343,1506.1793176354247
AD2344,288.68668093214626
AD2345,1010.2886652748373
AD2346,242.33760758570068
AD2347,407.8301625934739
AD2348,139.69057529884464
AD2349,571.7938904678566
AD2350,1211.4357024145688
AD2351,621.7309353596128
AD2352,1446.7451369309053
AD2353,88.8193994878271
AD2354,134.415408750511
AD2355,28.65165471155998
AD2356,632.4495696306084
AD2357,130.92380817802473
AD2358,176.85167968336674
AD2359,591.1600290580086
AD2360,1222.5871097559066
AD2361,160.92616568164019
AD2362,536.5749514947311
AD2363,392.8439088346516
AD2364,67.41523280736816
AD2365,165.92726233726293
AD2366,205.49980194851884
AD2367,781.9093190474413
AD2368,99.16012574040863
AD2369,252.42209466948083
AD2370,81.85132374611854
AD2371,112.50327925671381
AD2372,991.8118807749262
AD2373,63.61621572249267
AD2374,271.69229341863235
AD2375,215.40601408827237
AD2376,508.7866725734854
AD2377,837.9460302393132
AD2378,279.6856534951836
AD2379,34.78703945237184
AD2380,366.6728762354303
AD2381,222.51921499341202
AD2382,6.608159212325064
AD2383,253.51058634659043
AD2384,603.3261837488623
AD2385,702.3391564948298
AD2386,581.2304743868443
AD2387,539.8497383983334
AD2388,697.2999492807802
AD2389,176.95833506838568
AD2390,648.9046288670324
AD2391,1318.8960902099482
AD2392,153.8836999061
AD2393,561.1945224956263
AD2394,571.2528106607923
AD2395,561.1945224956263
AD2396,562.9449905297979
AD2397,561.1945224956263
AD2398,561.1945224956263
AD2399,561.5477054903497
AD2400,561.5477054903497
AD2401,561.1945224956263
AD2402,569.914602772152
AD2403,569.914602772152
AD2404,561.1945224956263
AD2405,561.1945224956263
AD2406,563.099150466912
AD2407,561.5477054903497
AD2408,563.687322424882
AD2409,561.1945224956263
AD2410,575.815677400075
AD2411,277.8104100972708
AD2412,617.4476401714447
AD2413,347.1073716600067
AD2414,1731.297278177428
AD2415,705.6170451471859
AD2416,298.9996659111945
AD2417,501.72987144224027
AD2418,967.1322186046324
AD2419,583.8566152465022
AD2420,659.0506057602772
AD2421,1039.5139244443656
AD2422,347.6247320691466
AD2423,405.83582863425937
AD2424,465.3729178529741
AD2425,159.1193391145862
AD2426,690.631929958362
AD2427,225.834814565751
AD2428,784.6256193170713
AD2429,420.10676929408925
AD2430,429.2643482708274
AD2431,956.6453616313219
AD2432,640.1298006614635
AD2433,52.79433896142395
AD2434,1045.6331310910016
AD2435,1778.0257210535476
AD2436,579.8812257520043
AD2437,1260.0511235265556
AD2438,156.04200640820838
AD2439,110.69137561025035
AD2440,452.77560016072346
AD2441,1275.6392595253842
AD2442,238.20193022170932
AD2443,110.6965775096608
AD2444,511.15446272832895
AD2445,146.63828377930835
AD2446,118.87659800130297
AD2447,831.1217423883547
AD2448,565.333755481819
AD2449,837.0874658265111
AD2450,713.8801092067702
AD2451,347.5581873076035
AD2452,1596.9318604110497
AD2453,801.7129674692809
AD2454,211.07172598270938
AD2455,133.40040266341836
AD2456,249.86557076810882
AD2457,595.2071037222073
AD2458,1232.514968072805
AD2459,303.57214903245136
AD2460,86.18093517532495
AD2461,208.5853186690609
AD2462,309.1296862244047
AD2463,642.491060286174
AD2464,152.59729632544654
AD2465,341.3604016088158
AD2466,298.92150508362545
AD2467,1606.2441643251907
AD2468,541.7687531560808
AD2469,925.9994573190501
AD2470,667.5146480395292
AD2471,193.53294017672982
AD2472,133.19950237368576
AD2473,662.2664878812366
AD2474,77.91025246467125
AD2475,278.99160289640105
AD2476,862.4811106201532
AD2477,395.62727973996755
AD2478,80.27463358729356
AD2479,351.9895762460304
AD2480,163.75467058147808
AD2481,635.3290806820747
AD2482,192.13318633484755
AD2483,764.1751076902541
AD2484,76.32123991932711
AD2485,793.2078745534649
AD2486,1659.0177584148455
AD2487,1014.439075894539
AD2488,107.23469219742518
AD2489,1703.5732184079927
AD2490,1483.3595840790433
AD2491,1072.611793163201
AD2492,589.8906038956336
AD2493,118.98050054699233
AD2494,25.097445947799436
AD2495,277.23613762430466
AD2496,450.4911182221517
AD2497,674.9977744499724
AD2498,184.29123358544558
AD2499,535.8908451451227
AD2500,169.96204122622856
AD2501,641.0086378608862
AD2502,713.0047420020228
AD2503,1019.5789347428843
AD2504,1230.1665433439177
AD2505,200.52738680004686
AD2506,697.8264641298624
AD2507,354.0477564355597
AD2508,947.4012147978616
AD2509,139.92214852276888
AD2510,446.9524006710767
AD2511,474.2846007326717
AD2512,566.471540930769
AD2513,305.3816861312635
AD2514,171.27798773439466
AD2515,225.77483013971678
AD2516,882.0488094275955
AD2517,285.16567281428433
AD2518,774.617591518905
AD2519,290.1087804607812
AD2520,701.9920096162722
AD2521,159.70027336552937
AD2522,1133.1410841610705
AD2523,1733.71178365085
AD2524,123.80927387957955
AD2525,1387.9175399442424
AD2526,1645.1710702572097
AD2527,1226.7744654243745
AD2528,599.3595326998698
AD2529,401.26667322952164
AD2530,333.8722393506845
AD2531,354.7747117146155
AD2532,576.1819874066416
AD2533,774.1190587884522
AD2534,922.3532279685876
AD2535,145.97174595639098
AD2536,339.6838030690784
AD2537,1083.0495158748108
AD2538,152.78645205994346
AD2539,33.02520694707407
AD2540,1245.28727343709
AD2541,154.32759320225537
AD2542,1141.1224837633092
AD2543,332.9147104757391
AD2544,1225.6820986019582
AD2545,50.65007849478512
AD2546,947.407987901576
AD2547,890.0802145665491
AD2548,561.5477054903497
AD2549,633.1202616144649
AD2550,400.97810247175755
AD2551,502.1768824285302
AD2552,576.2295506997048
AD2553,83.53160072129123
AD2554,507.8166835456208
AD2555,166.42937536660517
AD2556,120.92187468358091
AD2557,1255.7187934383326
AD2558,590.1418426783932
AD2559,467.6114012355514
AD2560,1385.883076754622
AD2561,1561.8022656934208
AD2562,898.858856950058
AD2563,919.205728654776
AD2564,419.6287388756654
AD2565,1382.8235027113503
AD2566,331.31041785380404
AD2567,1476.8023606021093
AD2568,1495.930026456369
AD2569,195.933811436465
AD2570,561.1945224956263
AD2571,561.1945224956263
AD2572,574.8875900238744
AD2573,36.69999292238799
AD2574,163.106785613901
AD2575,342.3755168369592
AD2576,185.28963258838402
AD2577,965.3978349157316
AD2578,616.9094559168001
AD2579,151.25100807987232
AD2580,398.0232095452706
AD2581,234.70190024710234
AD2582,1117.337827248763
AD2583,1009.5610628216372
AD2584,318.36729393590963
AD2585,290.54238878302573
AD2586,453.5854920052692
AD2587,26.52059913953303
AD2588,932.7227947723835
AD2589,600.5240707430377
AD2590,713.86797648255
AD2591,598.7184665976226
AD2592,100.5799550866387
AD2593,54.017041893960474
AD2594,811.2974130960523
AD2595,779.4362147771375
AD2596,239.83340921920887
AD2597,247.68978808142538
AD2598,1687.0425776199063
AD2599,711.111989450388
AD2600,600.6810060737687
AD2601,137.1212847250891
AD2602,358.6795294864828
AD2603,215.34450243576194
AD2604,1093.4164001620336
AD2605,540.2307360771886
AD2606,375.4622197261913
AD2607,670.235464048646
AD2608,314.72918355165854
AD2609,275.11627415775814
AD2610,1781.4101159505435
AD2611,710.4675117305427
AD2612,217.81992284968686
AD2613,458.79766084728294
AD2614,233.84665733035717
AD2615,20.98354923220022
AD2616,208.577324567271
AD2617,442.8865491941073
AD2618,412.498092027963
AD2619,265.9055963748118
AD2620,219.08690915080112
AD2621,1030.0466546433126
AD2622,350.3865807614536
AD2623,940.7784168371785
AD2624,1152.0155592426215
AD2625,1854.0606850066683
AD2626,789.3361002442549
AD2627,829.1428505707842
AD2628,105.81811119849759
AD2629,1428.3117745629957
AD2630,444.7175144804155
AD2631,703.008053305094
AD2632,198.43436216432468
AD2633,650.9008377842836
AD2634,537.5441628781203
AD2635,111.6581440935817
AD2636,831.9008465529311
AD2637,925.2735603008556
AD2638,102.37861802455126
AD2639,119.74498118188706
AD2640,1351.4494571151893
AD2641,1066.2000879711134
AD2642,1099.344692799236
AD2643,16.958360914839805
AD2644,133.45132952947392
AD2645,1756.6222108407176
AD2646,779.6447797210259
AD2647,665.5062666972782
AD2648,135.98452643121996
AD2649,1168.4379491290256
AD2650,1326.4931557733796
AD2651,879.8798598789926
AD2652,214.38714508066235
AD2653,1047.193487295861
AD2654,1716.042270494613
AD2655,155.60049663055744
AD2656,570.2080846802769
AD2657,166.427307821088
AD2658,899.0419339851026
AD2659,891.2831332642223
AD2660,226.79873517486706
AD2661,608.4610134089628
AD2662,1338.224267924678
AD2663,1411.4154431285385
AD2664,365.4526529462909
AD2665,86.22879091449404
AD2666,666.822515137779
AD2667,803.0629612392494
AD2668,1665.392224061438
AD2669,205.8851461680218
AD2670,147.90911883367528
AD2671,438.2979923615473
AD2672,1059.9432073512805
AD2673,142.32615662650406
AD2674,345.428512660728
AD2675,515.2348922330589
AD2676,58.78986042553462
AD2677,778.5785630411061
AD2678,151.2683773103877
AD2679,1218.7180445953866
AD2680,664.959377390683
AD2681,1161.8107444896627
AD2682,292.32316569499096
AD2683,290.54238878302573
AD2684,145.5846528138019
AD2685,165.29007803063575
AD2686,666.7892851976003
AD2687,904.7121300604446
AD2688,1021.9546278682951
AD2689,804.2413066621574
AD2690,207.69489674151782
AD2691,537.1614827906016
AD2692,112.83800782258837
AD2693,374.18919898992436
AD2694,1551.860907522514
AD2695,210.76369234378672
AD2696,160.96721174584818
AD2697,468.98951435775484
AD2698,297.6163058552762
AD2699,87.67472827052427
AD2700,376.07979442425767
AD2701,129.04020461258116
AD2702,588.5169489693085
AD2703,87.25753214789661
AD2704,598.1931236124605
AD2705,1257.3748069921298
AD2706,262.5447464675225
AD2707,206.4217682620955
AD2708,56.90432367866679
AD2709,1190.6679445228554
AD2710,1624.4478344855181
AD2711,358.3537808293164
AD2712,842.3995204064939
AD2713,1370.7810532001947
AD2714,315.51526963053647
AD2715,212.36121590291853
AD2716,516.2999722395425
AD2717,1148.3811852955364
AD2718,316.4931356972774
AD2719,178.01768700954506
AD2720,1185.2809185201402
AD2721,591.7946131403346
AD2722,272.4259739330721
AD2723,31.221524332285558
AD2724,114.2481482995703
AD2725,477.2652877859462
AD2726,467.70760619724405
AD2727,146.60191758155378
AD2728,156.61417943136175
AD2729,341.0072186140924
AD2730,1266.5562290058242
AD2731,301.955968688339
AD2732,55.63105215771942
AD2733,1181.8583998702247
AD2734,125.066381326933
AD2735,563.099150466912
AD2736,574.9031389846183
AD2737,340.20846087364777
AD2738,1358.8147747939427
